Team,Match_ID,Outcome,Carries,Metres_Made,Defenders_Beaten,Offloads,Passes,Tackles,Clean_Breaks,Turnovers_Won,Rucks_Won,Lineout_Throws_Won,Season,Match_Location
Zebre Parma,268093,loss,105,398,17,17,174,75,7,7,8,16,21/22,home
Emirates Lions,268093,win,71,331,19,7,85,121,4,10,6,10,21/22,away
Glasgow Warriors,268094,loss,165,298,23,8,173,121,5,7,8,11,21/22,away
Ulster Rugby,268094,win,92,305,11,6,101,214,6,3,6,11,21/22,home
Connacht Rugby,268095,loss,88,330,23,42,107,131,5,8,5,15,21/22,away
Cardiff Rugby,268095,win,149,518,23,61,183,72,9,7,3,10,21/22,home
Benetton Rugby,268096,win,147,431,21,20,144,48,4,5,13,17,21/22,home
DHL Stormers,268096,loss,58,241,16,6,78,199,5,7,5,10,21/22,away
Vodacom Bulls,268097,loss,124,375,17,14,133,128,4,5,5,13,21/22,away
Leinster Rugby,268097,win,131,618,31,14,167,148,6,8,6,13,21/22,home
Scarlets,268098,loss,106,371,13,41,128,137,8,10,6,16,21/22,away
Edinburgh Rugby,268098,win,118,399,32,24,141,100,8,9,10,7,21/22,home
Munster Rugby,268099,win,133,400,10,17,156,104,6,4,6,17,21/22,home
Hollywoodbets Sharks,268099,loss,80,311,17,4,103,148,4,4,4,9,21/22,away
Dragons RFC,268100,loss,117,309,9,4,146,120,2,6,6,14,21/22,home
Ospreys,268100,win,102,393,11,6,140,149,5,6,4,12,21/22,away
Vodacom Bulls,268101,loss,142,408,19,15,151,170,6,5,6,12,21/22,away
Connacht Rugby,268101,win,152,572,27,17,177,165,8,8,7,14,21/22,home
Emirates Lions,268102,loss,117,350,23,5,105,97,2,4,6,15,21/22,away
Scarlets,268102,win,103,571,12,7,146,155,7,8,8,7,21/22,home
Benetton Rugby,268103,win,117,357,18,4,127,86,3,3,5,14,21/22,home
Edinburgh Rugby,268103,loss,93,409,15,9,111,142,5,10,5,12,21/22,away
Glasgow Warriors,268104,win,121,426,15,24,155,97,7,5,4,11,21/22,home
Hollywoodbets Sharks,268104,loss,77,222,4,5,85,116,0,8,3,12,21/22,away
Zebre Parma,268105,loss,80,218,9,9,98,145,2,6,4,10,21/22,home
Ulster Rugby,268105,win,144,407,28,14,207,85,7,6,4,20,21/22,away
Dragons RFC,268106,loss,102,265,14,4,131,169,2,6,6,10,21/22,home
Leinster Rugby,268106,win,145,476,18,12,174,126,5,5,5,19,21/22,away
Ospreys,268107,win,75,170,5,6,87,153,1,8,6,17,21/22,home
Cardiff Rugby,268107,loss,126,432,12,8,178,90,6,7,6,9,21/22,away
Munster Rugby,268108,win,114,257,17,9,103,106,1,3,5,12,21/22,home
DHL Stormers,268108,loss,117,421,24,22,136,120,6,5,11,15,21/22,away
Benetton Rugby,268109,loss,116,202,9,8,110,150,1,6,5,12,21/22,away
Ulster Rugby,268109,win,122,298,13,7,142,142,3,4,3,14,21/22,home
Hollywoodbets Sharks,268110,win,90,451,14,9,113,103,8,9,5,8,21/22,away
Ospreys,268110,loss,87,352,15,3,134,95,2,9,2,13,21/22,home
Leinster Rugby,268111,win,169,646,37,10,225,66,7,5,7,14,21/22,home
Zebre Parma,268111,loss,67,267,15,8,87,157,3,11,3,9,21/22,away
Glasgow Warriors,268112,win,95,386,20,11,125,73,6,5,5,9,21/22,home
Emirates Lions,268112,loss,64,205,4,6,75,85,0,5,5,11,21/22,away
Connacht Rugby,268113,loss,147,424,20,14,163,151,5,6,8,14,21/22,home
Dragons RFC,268113,win,122,355,24,6,136,181,5,9,4,7,21/22,away
Cardiff Rugby,268115,loss,119,332,7,12,163,115,2,6,5,9,21/22,home
Vodacom Bulls,268115,win,94,355,22,8,97,123,4,8,9,14,21/22,away
Munster Rugby,268116,win,109,411,20,8,98,89,7,7,4,12,21/22,away
Scarlets,268116,loss,99,231,9,13,159,124,3,4,9,17,21/22,home
Emirates Lions,268117,loss,125,375,17,7,146,199,5,12,4,11,21/22,away
Ulster Rugby,268117,win,178,454,32,15,245,149,7,6,9,19,21/22,home
Dragons RFC,268118,loss,108,288,12,9,138,148,4,2,2,9,21/22,home
DHL Stormers,268118,win,118,299,18,10,109,122,2,5,3,9,21/22,away
Zebre Parma,268119,loss,81,285,16,17,127,144,2,6,9,13,21/22,home
Glasgow Warriors,268119,win,121,337,21,8,131,91,4,6,9,10,21/22,away
Ospreys,268120,win,90,371,16,13,109,132,3,6,2,13,21/22,away
Benetton Rugby,268120,loss,128,539,28,11,173,73,8,3,6,13,21/22,home
Scarlets,268121,loss,83,280,12,7,112,143,3,8,5,6,21/22,away
Leinster Rugby,268121,win,151,628,32,20,206,88,11,6,5,13,21/22,home
Edinburgh Rugby,268122,win,113,362,26,9,116,130,5,14,8,13,21/22,home
Vodacom Bulls,268122,loss,96,260,18,7,89,121,3,6,8,13,21/22,away
Munster Rugby,268123,win,140,374,17,7,107,75,3,9,6,13,21/22,home
Connacht Rugby,268123,loss,72,261,17,2,80,178,2,6,8,8,21/22,away
Hollywoodbets Sharks,268124,loss,97,251,12,4,96,102,1,9,6,15,21/22,away
Cardiff Rugby,268124,win,98,325,14,5,112,114,4,12,5,7,21/22,home
Benetton Rugby,268125,loss,148,458,14,10,185,83,6,4,5,18,21/22,away
Scarlets,268125,win,96,330,14,5,113,157,6,9,4,10,21/22,home
Zebre Parma,268126,loss,72,150,8,11,94,130,1,10,5,9,21/22,home
Edinburgh Rugby,268126,win,118,372,23,13,157,73,5,6,10,18,21/22,away
Glasgow Warriors,268127,loss,151,295,19,13,176,139,3,4,7,13,21/22,home
Leinster Rugby,268127,win,121,381,17,5,145,177,6,10,2,9,21/22,away
Connacht Rugby,268128,win,127,541,12,11,135,129,7,14,7,10,21/22,home
Ulster Rugby,268128,loss,99,300,22,6,121,131,2,10,9,16,21/22,away
Cardiff Rugby,268129,win,93,294,9,4,87,175,5,7,8,14,21/22,home
Dragons RFC,268129,loss,148,422,20,9,189,120,5,11,8,14,21/22,away
Ospreys,268130,win,96,164,16,4,96,72,2,5,11,10,21/22,home
Munster Rugby,268130,loss,77,239,10,6,118,119,0,8,2,14,21/22,away
Ospreys,268131,loss,94,195,15,2,119,175,1,7,8,9,21/22,away
Connacht Rugby,268131,win,147,644,23,11,164,129,9,9,5,10,21/22,home
DHL Stormers,268132,win,125,658,40,14,175,59,11,3,4,13,21/22,home
Zebre Parma,268132,loss,49,122,9,3,56,134,2,9,3,14,21/22,away
Benetton Rugby,268133,win,70,139,6,2,85,138,2,4,2,13,21/22,home
Glasgow Warriors,268133,loss,104,249,16,4,118,80,2,5,6,9,21/22,away
Hollywoodbets Sharks,268134,win,136,418,27,7,133,117,5,9,6,11,21/22,home
Scarlets,268134,loss,110,307,18,5,132,172,5,7,11,9,21/22,away
Dragons RFC,268135,loss,100,290,17,3,154,197,4,4,11,7,21/22,home
Edinburgh Rugby,268135,win,154,420,25,11,209,127,7,11,4,19,21/22,away
Vodacom Bulls,268136,win,105,411,26,17,132,118,4,6,4,13,21/22,home
Munster Rugby,268136,loss,92,230,3,10,115,103,1,4,6,10,21/22,away
Ulster Rugby,268137,win,147,335,23,7,152,190,3,7,7,16,21/22,away
Leinster Rugby,268137,loss,150,344,20,6,185,212,5,9,9,14,21/22,home
Cardiff Rugby,268138,loss,98,248,8,9,134,111,1,4,6,16,21/22,away
Emirates Lions,268138,win,102,307,10,9,150,111,2,6,3,13,21/22,home
Vodacom Bulls,268139,win,126,675,30,21,123,97,12,5,4,10,21/22,home
Scarlets,268139,loss,92,269,12,9,135,118,1,8,3,11,21/22,away
Benetton Rugby,268140,loss,107,266,13,17,127,105,3,8,8,13,21/22,away
Edinburgh Rugby,268140,win,103,398,24,12,127,135,7,10,8,14,21/22,home
Leinster Rugby,268141,win,103,480,20,7,129,193,7,6,3,13,21/22,home
Connacht Rugby,268141,loss,157,406,23,16,190,122,5,6,7,14,21/22,away
Zebre Parma,268142,loss,88,261,13,9,78,132,1,9,8,8,21/22,away
Hollywoodbets Sharks,268142,win,113,528,15,17,161,88,9,9,5,19,21/22,home
Ospreys,268143,win,77,140,8,5,93,233,1,10,10,7,21/22,home
Ulster Rugby,268143,loss,181,432,18,17,219,96,3,5,12,18,21/22,away
Emirates Lions,268144,win,88,285,16,8,119,147,5,8,7,13,21/22,home
Munster Rugby,268144,loss,142,304,9,23,169,99,1,7,8,9,21/22,away
Glasgow Warriors,268145,win,136,570,25,12,147,130,11,4,6,16,21/22,home
Dragons RFC,268145,loss,99,267,9,4,111,159,2,8,2,11,21/22,away
Cardiff Rugby,268146,loss,41,113,10,0,40,89,0,9,6,9,21/22,away
DHL Stormers,268146,win,99,506,19,15,128,50,9,6,4,16,21/22,home
Benetton Rugby,268147,win,93,434,25,13,109,119,7,12,4,11,21/22,away
Zebre Parma,268147,loss,98,424,9,7,124,84,2,7,7,10,21/22,home
Cardiff Rugby,268148,loss,94,321,17,11,127,152,4,6,8,4,21/22,home
Scarlets,268148,win,154,407,18,17,169,78,7,9,3,13,21/22,away
Ulster Rugby,268149,win,128,448,32,9,183,121,8,9,11,11,21/22,home
Connacht Rugby,268149,loss,98,254,19,3,133,140,3,10,10,14,21/22,away
Ospreys,268150,win,113,407,19,12,167,118,4,7,4,10,21/22,home
Dragons RFC,268150,loss,107,350,15,8,149,134,4,4,8,12,21/22,away
Leinster Rugby,268151,win,134,328,7,6,198,154,3,6,2,12,21/22,away
Munster Rugby,268151,loss,112,261,8,6,137,191,1,3,4,4,21/22,home
Edinburgh Rugby,268152,loss,110,283,11,6,107,141,2,7,6,16,21/22,away
Glasgow Warriors,268152,win,103,295,14,8,112,168,3,7,5,7,21/22,home
Cardiff Rugby,268153,win,93,342,10,5,116,103,4,10,4,8,21/22,away
Dragons RFC,268153,loss,88,240,16,6,112,85,2,6,6,16,21/22,home
Munster Rugby,268154,loss,64,201,3,1,45,139,2,10,2,8,21/22,away
Connacht Rugby,268154,win,131,372,13,12,167,80,5,4,5,20,21/22,home
Ospreys,268155,loss,90,247,14,12,116,138,4,8,10,12,21/22,away
Scarlets,268155,win,142,328,15,19,180,105,7,7,8,13,21/22,home
Leinster Rugby,268156,loss,147,257,9,3,137,133,2,5,3,10,21/22,away
Ulster Rugby,268156,win,99,262,12,5,98,211,2,6,6,10,21/22,home
Benetton Rugby,268157,win,85,419,19,7,88,66,8,5,5,15,21/22,home
Zebre Parma,268157,loss,72,257,10,10,100,82,3,4,6,17,21/22,away
Edinburgh Rugby,268158,win,104,389,18,8,124,167,7,9,4,12,21/22,home
Glasgow Warriors,268158,loss,127,361,17,10,180,133,3,6,6,11,21/22,away
Emirates Lions,268159,loss,111,409,23,6,116,144,4,10,4,14,21/22,away
Leinster Rugby,268159,win,141,474,17,19,220,127,6,8,7,16,21/22,home
Hollywoodbets Sharks,268160,win,115,386,27,15,150,112,7,3,6,12,21/22,away
Benetton Rugby,268160,loss,95,254,20,5,138,132,3,6,5,10,21/22,home
Zebre Parma,268161,loss,68,252,11,3,86,148,2,10,5,7,21/22,home
Vodacom Bulls,268161,win,124,482,21,16,158,90,5,4,4,17,21/22,away
Edinburgh Rugby,268162,win,140,724,44,22,210,131,12,8,10,15,21/22,home
Cardiff Rugby,268162,loss,122,425,20,4,139,116,4,11,6,9,21/22,away
DHL Stormers,268163,loss,71,270,6,1,90,189,2,7,1,8,21/22,away
Connacht Rugby,268163,win,152,406,20,13,199,94,5,3,7,12,21/22,home
Ospreys,268164,loss,74,261,11,7,106,163,3,8,6,6,21/22,away
Glasgow Warriors,268164,win,140,538,23,9,173,81,7,8,6,16,21/22,home
Ulster Rugby,268165,loss,97,187,9,1,118,224,0,7,8,17,21/22,away
Munster Rugby,268165,win,148,304,14,7,140,121,1,7,3,9,21/22,home
Scarlets,268166,loss,123,363,5,7,136,149,7,8,6,15,21/22,home
Dragons RFC,268166,win,129,404,25,6,159,150,9,5,7,8,21/22,away
Glasgow Warriors,268167,win,127,409,15,9,172,173,6,9,2,10,21/22,away
Connacht Rugby,268167,loss,125,312,8,6,135,141,3,4,5,5,21/22,home
Ulster Rugby,268168,win,160,354,17,10,211,149,5,9,5,10,21/22,home
Scarlets,268168,loss,129,310,13,10,156,211,5,6,7,7,21/22,away
Cardiff Rugby,268169,win,137,332,20,16,172,150,5,8,6,10,21/22,home
Leinster Rugby,268169,loss,122,262,22,7,138,164,2,5,7,14,21/22,away
Ospreys,268171,win,64,214,10,5,73,154,3,10,5,12,21/22,home
Edinburgh Rugby,268171,loss,118,392,16,6,126,64,3,7,7,14,21/22,away
Vodacom Bulls,268172,win,109,348,20,11,142,56,3,10,7,19,21/22,home
Emirates Lions,268172,loss,53,210,7,3,47,124,1,8,8,10,21/22,away
DHL Stormers,268173,win,101,318,19,9,127,79,8,7,4,14,21/22,home
Hollywoodbets Sharks,268173,loss,74,275,11,7,103,92,3,2,7,9,21/22,away
Zebre Parma,268174,loss,96,195,16,5,107,106,4,4,3,11,21/22,home
Munster Rugby,268174,win,92,319,20,10,115,125,4,5,5,13,21/22,away
Emirates Lions,268175,loss,106,338,12,7,103,64,8,8,7,8,21/22,home
Hollywoodbets Sharks,268175,win,88,330,16,17,106,105,9,10,6,9,21/22,away
Vodacom Bulls,268176,loss,110,384,21,12,103,87,5,4,9,15,21/22,away
DHL Stormers,268176,win,86,364,25,12,122,134,7,10,7,9,21/22,home
Vodacom Bulls,268177,loss,133,432,22,20,147,47,7,8,5,10,21/22,home
Hollywoodbets Sharks,268177,win,54,239,15,5,71,140,2,8,9,16,21/22,away
Emirates Lions,268178,win,95,527,17,16,116,188,10,8,5,4,21/22,away
DHL Stormers,268178,loss,158,530,24,20,187,77,6,8,5,14,21/22,home
Leinster Rugby,268179,win,155,562,12,13,157,111,3,3,5,17,21/22,home
Ospreys,268179,loss,87,270,13,5,129,175,2,6,3,13,21/22,away
Edinburgh Rugby,268180,loss,129,311,19,4,161,74,3,5,6,14,21/22,away
Munster Rugby,268180,win,77,258,12,7,98,183,4,9,2,10,21/22,home
Zebre Parma,268181,loss,126,341,24,9,167,164,3,8,7,14,21/22,away
Cardiff Rugby,268181,win,134,421,25,8,147,162,9,10,8,9,21/22,home
Dragons RFC,268182,loss,121,220,10,5,161,126,0,9,6,9,21/22,home
Ulster Rugby,268182,win,95,270,10,7,89,140,1,6,8,9,21/22,away
Connacht Rugby,268183,win,102,367,11,7,118,166,2,3,10,11,21/22,away
Scarlets,268183,loss,115,354,6,6,131,114,2,6,4,15,21/22,home
Emirates Lions,268184,loss,96,424,9,12,114,83,5,8,6,6,21/22,home
DHL Stormers,268184,win,98,473,24,18,146,101,9,9,5,17,21/22,away
Vodacom Bulls,268185,loss,67,245,6,6,109,69,5,7,6,13,21/22,away
Hollywoodbets Sharks,268185,win,69,350,9,3,79,63,6,6,9,10,21/22,home
Benetton Rugby,268186,loss,94,299,10,6,117,181,0,9,5,16,21/22,away
Glasgow Warriors,268186,win,143,315,22,9,178,117,2,7,3,12,21/22,home
Munster Rugby,268187,win,157,760,38,16,235,90,16,6,4,17,21/22,home
Dragons RFC,268187,loss,73,186,7,3,99,166,2,8,7,8,21/22,away
Ulster Rugby,268188,win,123,481,18,10,169,126,8,9,1,15,21/22,home
Cardiff Rugby,268188,loss,118,325,10,12,152,148,4,4,4,7,21/22,away
Glasgow Warriors,268189,loss,127,359,18,10,164,149,1,6,9,13,21/22,away
Scarlets,268189,win,124,398,16,13,172,140,5,7,4,15,21/22,home
Ospreys,268190,win,128,258,27,3,171,102,1,4,6,19,21/22,home
Zebre Parma,268190,loss,85,407,18,11,93,165,7,3,1,10,21/22,away
DHL Stormers,268191,win,68,286,12,5,90,164,5,3,4,13,21/22,away
Vodacom Bulls,268191,loss,117,344,21,8,138,63,6,5,12,20,21/22,home
Emirates Lions,268192,loss,76,125,3,2,78,69,1,5,4,11,21/22,away
Hollywoodbets Sharks,268192,win,71,309,6,6,99,89,3,7,5,13,21/22,home
Connacht Rugby,268193,loss,71,274,8,9,111,157,4,2,7,6,21/22,away
Edinburgh Rugby,268193,win,135,547,29,12,161,67,11,7,3,14,21/22,home
Benetton Rugby,268194,loss,73,342,7,5,74,185,3,7,2,9,21/22,home
Leinster Rugby,268194,win,155,584,23,11,228,83,9,7,4,17,21/22,away
Emirates Lions,268195,loss,70,125,7,4,102,85,0,6,5,17,21/22,home
Vodacom Bulls,268195,win,93,335,15,13,86,79,3,6,6,16,21/22,away
Leinster Rugby,268197,win,121,532,35,11,127,106,10,6,4,12,21/22,away
Connacht Rugby,268197,loss,90,241,7,7,135,138,2,5,3,9,21/22,home
Benetton Rugby,268198,loss,96,270,9,6,143,113,1,7,13,10,21/22,away
Munster Rugby,268198,win,88,305,14,8,99,115,4,8,4,7,21/22,home
Cardiff Rugby,268199,win,109,338,14,13,126,132,5,9,2,6,21/22,home
Glasgow Warriors,268199,loss,111,421,18,4,164,134,2,7,6,8,21/22,away
Dragons RFC,268200,loss,91,345,11,9,132,118,5,4,8,14,21/22,away
Vodacom Bulls,268200,win,106,463,18,12,124,87,4,6,3,16,21/22,home
Ospreys,268201,loss,97,304,13,6,145,147,5,8,7,6,21/22,away
Emirates Lions,268201,win,128,623,28,22,174,113,9,5,5,9,21/22,home
Edinburgh Rugby,268202,win,55,178,12,2,37,138,2,5,3,11,21/22,away
Hollywoodbets Sharks,268202,loss,86,169,7,3,92,62,0,7,0,9,21/22,home
Ulster Rugby,268203,loss,116,393,15,6,154,57,4,4,8,13,21/22,away
DHL Stormers,268203,win,56,190,7,6,86,125,2,9,6,12,21/22,home
Zebre Parma,268204,loss,146,482,30,24,181,72,9,7,3,17,21/22,home
Scarlets,268204,win,97,431,14,21,120,136,7,8,5,13,21/22,away
Leinster Rugby,268205,win,94,319,28,3,131,206,7,5,1,12,21/22,home
Munster Rugby,268205,loss,179,384,22,21,238,103,2,6,5,12,21/22,away
Cardiff Rugby,268206,loss,131,388,13,19,158,84,1,4,3,7,21/22,away
Scarlets,268206,win,83,267,18,9,93,143,5,4,2,9,21/22,home
Ulster Rugby,268207,loss,119,294,26,4,175,95,1,7,6,17,21/22,away
Vodacom Bulls,268207,win,82,413,11,10,85,166,4,7,4,9,21/22,home
Emirates Lions,268208,win,87,244,9,10,98,105,4,8,3,9,21/22,home
Edinburgh Rugby,268208,loss,100,418,14,11,135,93,2,3,9,15,21/22,away
Dragons RFC,268209,loss,87,139,9,12,116,130,2,8,4,11,21/22,away
Hollywoodbets Sharks,268209,win,120,449,16,6,145,86,8,6,5,14,21/22,home
Ospreys,268210,loss,76,265,8,13,132,85,7,7,6,10,21/22,away
DHL Stormers,268210,win,97,493,28,24,114,84,10,9,6,8,21/22,home
Zebre Parma,268211,loss,110,335,12,8,147,117,1,5,7,11,21/22,away
Glasgow Warriors,268211,win,96,228,13,6,155,141,1,13,3,16,21/22,home
Connacht Rugby,268212,win,129,316,21,15,170,123,2,8,8,10,21/22,away
Benetton Rugby,268212,loss,110,293,21,13,145,162,4,7,4,15,21/22,home
Ulster Rugby,268213,loss,121,321,14,10,201,112,2,4,10,16,21/22,home
Munster Rugby,268213,win,99,298,8,7,133,129,2,6,7,11,21/22,away
Ospreys,268214,win,93,330,11,7,136,107,3,7,5,15,21/22,away
Cardiff Rugby,268214,loss,90,281,8,13,128,114,1,9,8,12,21/22,home
Dragons RFC,268215,loss,152,331,16,12,189,93,3,2,4,13,21/22,home
Scarlets,268215,win,75,327,10,9,112,199,9,6,4,12,21/22,away
Vodacom Bulls,268216,win,145,393,9,15,156,45,4,5,10,14,21/22,home
Benetton Rugby,268216,loss,55,216,12,6,77,144,3,8,5,11,21/22,away
Emirates Lions,268217,loss,112,382,25,15,111,65,4,5,6,13,21/22,home
Connacht Rugby,268217,win,72,207,9,8,82,118,4,8,4,10,21/22,away
Hollywoodbets Sharks,268218,win,71,457,16,8,70,111,6,1,3,12,21/22,home
Leinster Rugby,268218,loss,83,168,10,4,83,62,2,4,0,9,21/22,away
Glasgow Warriors,268219,loss,64,161,11,5,79,95,1,12,7,14,21/22,away
DHL Stormers,268219,win,99,448,15,16,132,79,7,6,6,12,21/22,home
Edinburgh Rugby,268220,win,134,313,19,7,146,85,5,8,5,11,21/22,home
Zebre Parma,268220,loss,82,378,22,14,106,174,8,5,3,6,21/22,away
Cardiff Rugby,268221,loss,130,377,25,6,186,182,9,4,4,14,21/22,away
Munster Rugby,268221,win,157,487,31,23,210,147,9,9,3,7,21/22,home
Scarlets,268222,loss,104,436,13,16,147,127,9,3,4,13,21/22,away
Ospreys,268222,win,109,369,21,12,151,122,10,4,2,13,21/22,home
Glasgow Warriors,268223,loss,87,270,13,4,145,103,4,2,8,17,21/22,away
Vodacom Bulls,268223,win,76,214,4,4,93,103,4,3,4,18,21/22,home
Emirates Lions,268224,win,110,468,22,15,139,102,6,8,7,11,21/22,home
Benetton Rugby,268224,loss,91,414,11,11,131,125,6,7,9,16,21/22,away
Hollywoodbets Sharks,268225,win,106,389,23,9,117,91,7,7,4,12,21/22,home
Connacht Rugby,268225,loss,92,240,9,11,118,118,2,6,5,12,21/22,away
DHL Stormers,268226,win,80,272,25,8,118,86,4,4,1,13,21/22,home
Leinster Rugby,268226,loss,78,187,11,11,90,87,1,6,5,17,21/22,away
Ulster Rugby,268227,win,92,289,16,4,110,199,3,5,4,11,21/22,away
Edinburgh Rugby,268227,loss,165,391,21,9,187,116,6,6,9,13,21/22,home
Zebre Parma,268228,win,137,452,29,9,189,92,3,5,7,13,21/22,home
Dragons RFC,268228,loss,78,226,12,8,124,166,3,5,4,13,21/22,away
Zebre Parma,268229,loss,112,389,22,9,169,118,5,4,3,13,21/22,away
Connacht Rugby,268229,win,94,354,13,8,122,137,8,8,8,16,21/22,home
Leinster Rugby,268230,win,123,347,18,5,152,152,3,4,5,12,21/22,home
Edinburgh Rugby,268230,loss,123,276,22,9,140,132,3,5,2,9,21/22,away
Ulster Rugby,268231,win,91,305,22,12,138,196,5,9,3,13,21/22,home
Hollywoodbets Sharks,268231,loss,152,436,30,12,188,102,5,5,14,11,21/22,away
Dragons RFC,268232,loss,99,466,11,14,178,104,5,13,8,14,21/22,home
Emirates Lions,268232,win,94,489,20,8,125,87,6,7,4,13,21/22,away
Scarlets,268233,loss,105,300,25,8,122,98,5,5,2,16,21/22,home
DHL Stormers,268233,win,92,371,32,12,120,109,7,9,5,10,21/22,away
Ospreys,268234,loss,111,324,11,7,141,107,4,12,7,7,21/22,home
Vodacom Bulls,268234,win,109,370,19,16,136,116,5,9,4,12,21/22,away
Munster Rugby,268235,loss,105,210,9,3,126,91,1,7,5,11,21/22,away
Glasgow Warriors,268235,win,82,229,8,4,109,147,2,3,6,15,21/22,home
Cardiff Rugby,268236,loss,103,275,10,6,130,78,2,5,6,10,21/22,away
Benetton Rugby,268236,win,94,575,15,15,136,114,11,5,1,15,21/22,home
Dragons RFC,271773,loss,78,171,6,6,95,151,0,5,9,9,22/23,away
Edinburgh Rugby,271773,win,116,377,17,6,146,109,8,7,6,17,22/23,home
Ulster Rugby,271774,win,151,388,19,7,176,92,7,4,6,19,22/23,home
Connacht Rugby,271774,loss,77,250,5,1,95,186,1,7,5,8,22/23,away
Benetton Rugby,271775,win,80,245,10,6,97,140,5,10,6,13,22/23,home
Glasgow Warriors,271775,loss,124,314,14,10,159,83,4,5,7,11,22/23,away
Leinster Rugby,271776,win,97,233,9,10,129,95,3,5,4,12,22/23,away
Zebre Parma,271776,loss,103,364,23,19,136,101,8,5,4,12,22/23,home
Cardiff Rugby,271778,win,150,512,42,17,173,135,11,10,4,10,22/23,home
Munster Rugby,271778,loss,117,403,23,8,144,178,2,7,9,14,22/23,away
Hollywoodbets Sharks,271779,loss,129,397,14,14,138,73,5,4,4,12,22/23,home
DHL Stormers,271779,win,75,462,16,11,91,147,9,8,3,12,22/23,away
Emirates Lions,271780,loss,90,274,20,13,128,108,1,5,3,18,22/23,home
Vodacom Bulls,271780,win,102,496,6,18,143,103,2,6,4,9,22/23,away
Zebre Parma,271781,loss,90,388,20,12,113,100,6,1,3,16,22/23,home
Hollywoodbets Sharks,271781,win,76,415,15,3,94,86,6,3,4,8,22/23,away
Glasgow Warriors,271782,win,157,507,18,18,227,85,7,11,4,13,22/23,home
Cardiff Rugby,271782,loss,75,313,15,5,94,162,3,3,5,10,22/23,away
Benetton Rugby,271783,loss,99,278,14,13,116,162,2,10,5,7,22/23,away
Leinster Rugby,271783,win,143,388,21,11,199,104,3,4,7,18,22/23,home
Connacht Rugby,271784,loss,113,376,19,4,140,64,5,5,8,17,22/23,away
DHL Stormers,271784,win,70,356,13,9,112,145,5,2,3,13,22/23,home
Edinburgh Rugby,271785,loss,98,241,18,10,122,85,5,4,5,14,22/23,away
Vodacom Bulls,271785,win,71,163,7,5,91,109,3,4,6,20,22/23,home
Scarlets,271786,loss,103,293,13,8,116,191,7,7,9,12,22/23,home
Ulster Rugby,271786,win,152,557,18,11,195,116,3,7,3,7,22/23,away
Emirates Lions,271787,win,71,249,7,4,80,120,2,7,4,12,22/23,away
Ospreys,271787,loss,130,334,22,19,206,84,4,5,4,11,22/23,home
Munster Rugby,271788,loss,118,365,17,10,159,128,3,3,5,9,22/23,away
Dragons RFC,271788,win,115,419,22,12,144,149,4,7,9,7,22/23,home
Emirates Lions,271789,win,80,260,12,5,84,82,2,5,2,16,22/23,away
Cardiff Rugby,271789,loss,79,270,8,8,122,105,3,4,4,12,22/23,home
Ulster Rugby,271790,loss,101,269,13,5,105,115,1,4,6,11,22/23,home
Leinster Rugby,271790,win,85,178,6,3,88,124,1,9,4,11,22/23,away
Benetton Rugby,271791,win,109,385,19,7,107,106,4,3,4,14,22/23,home
Scarlets,271791,loss,99,222,15,6,120,113,4,4,6,10,22/23,away
Edinburgh Rugby,271792,loss,107,254,18,9,147,82,2,8,6,9,22/23,away
DHL Stormers,271792,win,82,291,18,10,102,128,5,5,6,9,22/23,home
Vodacom Bulls,271793,win,90,431,7,8,102,119,4,10,4,17,22/23,home
Connacht Rugby,271793,loss,114,340,24,12,167,108,6,7,9,13,22/23,away
Ospreys,271794,win,64,203,11,2,101,121,5,10,1,13,22/23,home
Glasgow Warriors,271794,loss,101,267,14,2,167,76,1,5,5,22,22/23,away
Zebre Parma,271795,loss,76,159,14,5,105,104,1,12,6,12,22/23,away
Munster Rugby,271795,win,100,232,9,15,128,90,1,6,8,13,22/23,home
Hollywoodbets Sharks,271796,win,102,513,26,10,108,144,7,7,9,13,22/23,away
Dragons RFC,271796,loss,124,311,18,11,133,112,4,9,6,11,22/23,home
Emirates Lions,271797,win,91,314,18,3,115,132,6,7,5,12,22/23,away
Edinburgh Rugby,271797,loss,119,488,34,4,177,130,7,4,9,13,22/23,home
Zebre Parma,271798,loss,83,210,8,10,85,77,2,4,2,7,22/23,home
DHL Stormers,271798,win,62,178,10,2,77,96,2,3,6,13,22/23,away
Glasgow Warriors,271799,win,104,376,26,7,149,130,5,16,5,15,22/23,home
Vodacom Bulls,271799,loss,105,307,15,3,111,123,4,4,14,16,22/23,away
Munster Rugby,271800,loss,78,174,5,5,100,120,1,4,3,9,22/23,away
Connacht Rugby,271800,win,86,191,8,6,109,99,3,5,6,14,22/23,home
Benetton Rugby,271801,win,122,448,16,14,157,132,10,7,3,15,22/23,home
Dragons RFC,271801,loss,114,283,7,8,137,128,3,4,8,11,22/23,away
Scarlets,271802,loss,178,522,23,10,203,81,5,2,6,17,22/23,home
Cardiff Rugby,271802,win,82,363,11,9,111,209,5,6,6,5,22/23,away
Hollywoodbets Sharks,271803,loss,66,180,11,3,80,168,6,10,3,12,22/23,away
Leinster Rugby,271803,win,153,499,29,15,143,84,11,4,7,9,22/23,home
Ulster Rugby,271804,win,170,489,21,15,215,153,8,7,3,9,22/23,home
Ospreys,271804,loss,120,320,23,8,176,207,5,5,4,11,22/23,away
Benetton Rugby,271805,loss,91,217,6,10,98,203,3,5,3,6,22/23,away
Edinburgh Rugby,271805,win,165,631,26,11,189,111,10,4,4,12,22/23,home
Emirates Lions,271807,loss,113,474,24,11,129,93,7,6,3,9,22/23,home
Ulster Rugby,271807,win,90,430,8,7,115,131,7,3,6,11,22/23,away
Glasgow Warriors,271808,loss,70,229,19,5,103,106,3,5,4,10,22/23,away
Hollywoodbets Sharks,271808,win,108,519,13,12,146,76,6,8,5,13,22/23,home
Vodacom Bulls,271809,loss,126,268,19,6,99,166,2,3,4,9,22/23,away
Munster Rugby,271809,win,133,414,15,6,181,166,3,5,4,7,22/23,home
Scarlets,271810,win,121,442,28,1,123,157,9,10,10,13,22/23,home
Zebre Parma,271810,loss,130,491,23,12,138,135,7,7,8,11,22/23,away
Cardiff Rugby,271811,win,90,341,15,7,116,175,3,7,6,14,22/23,home
Dragons RFC,271811,loss,130,429,17,3,172,115,3,4,5,17,22/23,away
Leinster Rugby,271812,win,120,449,23,6,173,120,7,6,7,17,22/23,away
Connacht Rugby,271812,loss,91,147,2,1,135,152,0,7,5,14,22/23,home
Connacht Rugby,271813,win,112,347,19,12,122,87,2,5,9,11,22/23,home
Scarlets,271813,loss,83,346,8,9,95,126,3,5,2,9,22/23,away
Benetton Rugby,271814,loss,112,272,11,3,138,130,3,5,8,14,22/23,home
Vodacom Bulls,271814,win,104,359,17,9,99,134,4,9,6,10,22/23,away
Zebre Parma,271815,loss,112,330,5,8,115,81,3,4,5,16,22/23,home
Edinburgh Rugby,271815,win,91,286,16,10,86,137,4,4,8,12,22/23,away
Glasgow Warriors,271816,loss,96,430,23,22,154,137,8,9,5,13,22/23,away
Emirates Lions,271816,win,110,472,16,7,137,90,4,6,4,12,22/23,home
Hollywoodbets Sharks,271817,loss,146,466,26,8,183,76,5,7,7,18,22/23,home
Ulster Rugby,271817,win,82,258,11,5,99,155,4,11,4,12,22/23,away
Ospreys,271818,loss,124,383,16,6,158,129,6,2,7,9,22/23,away
Dragons RFC,271818,win,112,505,12,6,155,166,8,5,2,12,22/23,home
DHL Stormers,271819,loss,98,350,21,10,119,89,5,3,9,13,22/23,away
Cardiff Rugby,271819,win,74,179,6,3,88,110,4,16,5,9,22/23,home
Leinster Rugby,271820,win,132,461,25,10,164,151,7,8,3,10,22/23,home
Munster Rugby,271820,loss,120,225,11,13,140,142,3,3,8,8,22/23,away
Leinster Rugby,271821,win,114,375,12,5,121,154,2,6,7,10,22/23,away
Scarlets,271821,loss,133,452,15,13,171,139,5,3,5,13,22/23,home
Benetton Rugby,271822,loss,58,143,2,0,59,141,0,9,6,10,22/23,away
Glasgow Warriors,271822,win,124,579,20,15,198,69,7,10,7,18,22/23,home
Cardiff Rugby,271823,loss,99,255,8,4,132,156,2,4,5,12,22/23,home
Edinburgh Rugby,271823,win,118,326,14,4,129,142,2,6,5,18,22/23,away
Zebre Parma,271824,loss,96,302,11,11,126,145,2,3,4,9,22/23,away
Dragons RFC,271824,win,133,375,21,15,189,100,8,6,2,12,22/23,home
Munster Rugby,271825,loss,124,353,18,10,175,149,4,6,10,11,22/23,home
Ulster Rugby,271825,win,112,247,24,1,116,148,1,10,8,14,22/23,away
Ospreys,271826,loss,122,306,20,7,125,123,4,6,6,19,22/23,home
Connacht Rugby,271826,win,102,284,9,5,136,154,4,10,3,23,22/23,away
Vodacom Bulls,271827,win,95,485,13,9,103,62,7,9,5,13,22/23,home
Hollywoodbets Sharks,271827,loss,73,345,18,11,85,84,4,4,6,12,22/23,away
Emirates Lions,271828,loss,82,317,16,7,91,70,4,7,5,5,22/23,home
DHL Stormers,271828,win,78,376,18,15,105,105,7,5,9,13,22/23,away
Edinburgh Rugby,271829,loss,119,248,10,4,130,141,1,7,7,11,22/23,away
Benetton Rugby,271829,win,100,191,9,6,118,139,4,9,5,10,22/23,home
Dragons RFC,271830,loss,88,462,9,14,127,116,2,7,2,11,22/23,away
Emirates Lions,271830,win,104,328,25,10,110,78,5,4,8,19,22/23,home
Ospreys,271831,loss,99,366,18,8,105,113,2,7,9,10,22/23,away
Vodacom Bulls,271831,win,121,637,29,17,155,117,11,8,1,4,22/23,home
Hollywoodbets Sharks,271832,loss,97,283,9,11,121,88,2,7,11,15,22/23,home
Cardiff Rugby,271832,win,75,216,9,2,55,98,4,12,5,12,22/23,away
Munster Rugby,271833,win,100,388,13,11,121,131,4,6,2,13,22/23,home
Connacht Rugby,271833,loss,100,282,8,4,111,99,2,9,4,13,22/23,away
Scarlets,271834,loss,121,437,13,21,177,111,8,5,4,7,22/23,away
DHL Stormers,271834,win,109,424,27,20,134,123,4,6,6,17,22/23,home
Glasgow Warriors,271835,loss,157,548,26,25,249,95,7,5,9,12,22/23,away
Leinster Rugby,271835,win,87,408,12,6,112,169,3,6,4,14,22/23,home
Ulster Rugby,271836,win,122,304,18,17,177,113,4,8,6,10,22/23,home
Zebre Parma,271836,loss,117,232,18,14,154,133,3,5,7,13,22/23,away
Edinburgh Rugby,271837,loss,78,285,22,2,120,117,4,6,3,12,22/23,home
Munster Rugby,271837,win,99,373,19,6,121,88,7,4,4,15,22/23,away
Glasgow Warriors,271838,win,93,246,12,5,131,82,5,8,3,15,22/23,away
Zebre Parma,271838,loss,81,262,11,5,92,106,3,1,3,15,22/23,home
Hollywoodbets Sharks,271839,win,90,238,20,8,101,92,3,9,5,15,22/23,home
Ospreys,271839,loss,88,328,8,12,91,102,6,4,9,11,22/23,away
Dragons RFC,271840,loss,74,335,7,10,103,72,3,7,6,9,22/23,away
DHL Stormers,271840,win,83,342,15,11,126,68,4,6,6,14,22/23,home
Emirates Lions,271841,win,97,369,19,13,115,84,4,7,3,11,22/23,home
Scarlets,271841,loss,95,520,13,11,134,102,6,7,4,10,22/23,away
Cardiff Rugby,271842,loss,93,275,9,2,127,147,1,9,2,8,22/23,away
Vodacom Bulls,271842,win,137,502,12,20,170,108,9,4,4,18,22/23,home
Benetton Rugby,271843,loss,136,580,26,11,200,153,7,5,6,8,22/23,away
Connacht Rugby,271843,win,118,422,20,9,167,169,5,9,4,15,22/23,home
Ulster Rugby,271844,loss,121,353,14,7,144,164,3,4,4,8,22/23,away
Leinster Rugby,271844,win,128,324,22,5,141,137,6,12,2,9,22/23,home
Edinburgh Rugby,271845,loss,113,375,17,6,133,126,2,5,10,12,22/23,away
Glasgow Warriors,271845,win,95,234,12,6,93,152,2,9,2,14,22/23,home
Emirates Lions,271846,loss,68,159,12,6,75,127,1,7,4,9,22/23,away
Hollywoodbets Sharks,271846,win,117,625,27,11,145,87,9,5,5,7,22/23,home
Vodacom Bulls,271847,loss,122,315,14,7,159,74,5,3,8,13,22/23,away
DHL Stormers,271847,win,74,337,17,11,102,164,5,4,1,11,22/23,home
Zebre Parma,271848,loss,111,350,17,14,131,109,2,6,7,9,22/23,away
Benetton Rugby,271848,win,120,395,21,15,146,122,8,7,14,14,22/23,home
Dragons RFC,271849,loss,94,330,17,5,137,139,6,4,11,14,22/23,home
Cardiff Rugby,271849,win,119,306,21,19,129,118,7,13,6,8,22/23,away
Connacht Rugby,271850,loss,117,322,17,7,151,178,1,12,5,15,22/23,home
Ulster Rugby,271850,win,134,404,15,6,143,141,5,7,6,16,22/23,away
Leinster Rugby,271851,win,115,308,9,10,100,183,5,7,7,13,22/23,away
Munster Rugby,271851,loss,132,226,8,11,167,139,3,10,3,14,22/23,home
Scarlets,271852,loss,85,288,5,5,98,97,2,9,7,14,22/23,away
Ospreys,271852,win,95,496,19,10,124,107,5,8,6,10,22/23,home
Glasgow Warriors,271853,win,118,428,25,6,156,99,7,6,1,9,22/23,away
Edinburgh Rugby,271853,loss,92,321,14,9,110,140,1,5,4,11,22/23,home
Vodacom Bulls,271854,loss,92,250,13,13,119,92,2,5,9,13,22/23,away
Hollywoodbets Sharks,271854,win,96,461,15,13,142,100,5,11,7,13,22/23,home
Emirates Lions,271855,loss,107,331,20,2,133,88,5,9,5,10,22/23,away
DHL Stormers,271855,win,107,657,19,16,138,139,8,8,4,11,22/23,home
Zebre Parma,271856,loss,93,435,19,7,115,116,3,6,7,10,22/23,home
Benetton Rugby,271856,win,106,343,22,8,135,96,7,11,6,16,22/23,away
Dragons RFC,271857,loss,108,330,15,8,138,85,3,7,3,8,22/23,away
Scarlets,271857,win,85,270,13,11,83,134,6,8,7,8,22/23,home
Leinster Rugby,271858,win,143,722,15,16,189,156,8,11,2,12,22/23,home
Connacht Rugby,271858,loss,126,437,13,2,177,147,3,2,6,15,22/23,away
Ulster Rugby,271859,loss,95,263,14,8,118,285,2,5,4,9,22/23,home
Munster Rugby,271859,win,200,404,30,14,259,102,4,6,9,13,22/23,away
Cardiff Rugby,271860,loss,64,213,6,2,72,89,4,7,4,6,22/23,home
Ospreys,271860,win,87,242,16,12,111,83,4,7,6,17,22/23,away
Dragons RFC,271861,loss,89,321,10,8,101,134,6,4,10,14,22/23,home
Vodacom Bulls,271861,win,106,406,18,7,116,101,2,11,5,12,22/23,away
Glasgow Warriors,271862,win,115,484,39,7,170,97,10,9,4,8,22/23,home
DHL Stormers,271862,loss,91,268,18,11,113,134,2,11,4,18,22/23,away
Ulster Rugby,271863,loss,131,368,14,9,193,101,2,2,6,8,22/23,away
Benetton Rugby,271863,win,91,294,17,3,107,177,6,5,1,8,22/23,home
Connacht Rugby,271864,win,93,319,10,11,115,162,4,6,3,10,22/23,home
Hollywoodbets Sharks,271864,loss,117,415,15,7,117,96,2,6,3,10,22/23,away
Cardiff Rugby,271865,loss,96,363,12,7,135,111,6,5,5,12,22/23,home
Scarlets,271865,win,95,473,38,8,117,109,6,7,8,6,22/23,away
Munster Rugby,271866,win,172,452,29,15,217,124,5,5,1,6,22/23,home
Emirates Lions,271866,loss,100,213,10,5,121,202,2,4,5,7,22/23,away
Leinster Rugby,271867,win,135,570,16,14,186,128,7,6,6,13,22/23,away
Ospreys,271867,loss,99,304,8,5,111,171,3,8,4,12,22/23,home
Zebre Parma,271868,loss,91,276,16,9,125,137,6,6,7,10,22/23,away
Edinburgh Rugby,271868,win,121,325,18,4,160,107,2,10,5,19,22/23,home
DHL Stormers,271869,loss,150,360,15,11,187,159,2,2,6,12,22/23,away
Ulster Rugby,271869,win,126,443,21,11,154,204,9,6,2,11,22/23,home
Ospreys,271870,win,103,353,25,11,140,86,7,7,8,15,22/23,away
Zebre Parma,271870,loss,92,452,15,15,125,123,6,8,3,10,22/23,home
Benetton Rugby,271871,loss,146,506,24,15,195,164,8,4,5,8,22/23,home
Munster Rugby,271871,win,135,423,23,12,198,162,6,6,2,8,22/23,away
Glasgow Warriors,271872,win,104,501,21,12,141,173,8,7,6,13,22/23,away
Dragons RFC,271872,loss,128,299,10,8,147,122,2,6,5,11,22/23,home
Emirates Lions,271873,loss,85,324,18,1,116,212,2,7,1,11,22/23,away
Connacht Rugby,271873,win,167,454,22,14,238,103,7,5,11,14,22/23,home
Scarlets,271874,win,90,352,13,8,102,190,5,8,4,8,22/23,home
Vodacom Bulls,271874,loss,146,393,17,7,184,83,3,8,8,16,22/23,away
Hollywoodbets Sharks,271875,win,93,410,15,7,114,184,6,8,5,6,22/23,away
Edinburgh Rugby,271875,loss,165,450,25,29,171,105,7,4,10,15,22/23,home
Leinster Rugby,271876,win,149,422,28,4,176,108,6,3,7,10,22/23,home
Cardiff Rugby,271876,loss,96,238,9,6,120,180,1,3,4,11,22/23,away
Glasgow Warriors,271877,win,137,259,14,7,168,144,1,6,6,16,22/23,home
Ulster Rugby,271877,loss,103,201,7,3,91,167,1,3,6,13,22/23,away
Ospreys,271878,loss,85,169,13,5,107,131,2,6,6,6,22/23,away
Munster Rugby,271878,win,139,701,23,17,204,111,11,6,2,16,22/23,home
Zebre Parma,271879,loss,103,371,9,5,155,109,4,8,5,6,22/23,home
Connacht Rugby,271879,win,101,387,10,9,129,127,6,6,9,12,22/23,away
Edinburgh Rugby,271880,loss,132,345,30,9,161,66,1,5,8,9,22/23,away
Scarlets,271880,win,71,492,13,15,110,161,8,10,4,5,22/23,home
Dragons RFC,271881,loss,155,383,20,18,181,169,5,6,3,11,22/23,away
Leinster Rugby,271881,win,139,595,28,12,157,192,10,8,5,12,22/23,home
Cardiff Rugby,271882,win,123,360,9,12,166,130,4,6,5,11,22/23,home
Benetton Rugby,271882,loss,114,538,19,12,155,146,6,9,6,6,22/23,away
Vodacom Bulls,271883,loss,132,307,21,7,128,57,4,6,10,7,22/23,home
DHL Stormers,271883,win,55,243,15,8,76,179,4,11,8,10,22/23,away
Hollywoodbets Sharks,271884,win,86,351,19,6,118,90,2,6,5,15,22/23,away
Emirates Lions,271884,loss,84,369,19,9,118,97,4,3,2,12,22/23,home
Scarlets,271885,loss,141,487,23,14,151,181,7,9,5,9,22/23,away
Munster Rugby,271885,win,159,494,27,17,211,153,8,8,4,12,22/23,home
Zebre Parma,271886,loss,99,345,15,10,144,126,4,5,5,9,22/23,away
Glasgow Warriors,271886,win,98,292,19,6,146,126,3,10,7,22,22/23,home
Ulster Rugby,271887,win,156,544,22,7,202,99,6,6,5,11,22/23,away
Cardiff Rugby,271887,loss,93,431,18,11,145,201,5,6,1,8,22/23,home
Dragons RFC,271888,loss,98,357,10,6,102,179,3,6,4,9,22/23,home
Connacht Rugby,271888,win,123,389,20,7,146,102,3,3,3,9,22/23,away
Leinster Rugby,271889,win,135,496,29,10,169,174,12,3,4,9,22/23,away
Edinburgh Rugby,271889,loss,144,361,26,10,206,159,5,8,4,10,22/23,home
Benetton Rugby,271890,win,79,360,7,8,101,174,6,6,8,14,22/23,away
Ospreys,271890,loss,138,447,23,13,183,74,6,8,8,12,22/23,home
Vodacom Bulls,271891,loss,99,325,10,9,143,104,3,6,4,14,22/23,home
Emirates Lions,271891,win,90,354,15,8,115,120,2,8,9,11,22/23,away
Hollywoodbets Sharks,271892,loss,48,191,9,4,70,51,3,4,3,12,22/23,away
DHL Stormers,271892,win,61,193,6,5,76,46,6,7,2,13,22/23,home
Benetton Rugby,271893,loss,106,428,23,11,146,99,7,7,3,15,22/23,home
Emirates Lions,271893,win,87,291,28,7,133,103,5,7,2,11,22/23,away
Vodacom Bulls,271894,loss,135,393,16,3,158,79,3,4,7,7,22/23,away
Ulster Rugby,271894,win,70,253,10,5,86,200,2,0,4,15,22/23,home
Scarlets,271895,win,91,311,15,8,107,127,5,8,5,8,22/23,home
Hollywoodbets Sharks,271895,loss,105,324,20,9,142,92,2,6,3,15,22/23,away
Cardiff Rugby,271896,win,129,303,14,7,155,103,1,8,8,9,22/23,away
Zebre Parma,271896,loss,114,406,22,10,154,167,5,9,6,15,22/23,home
Ospreys,271898,win,118,358,18,14,149,105,8,8,5,8,22/23,home
Dragons RFC,271898,loss,89,250,4,13,111,124,2,5,4,16,22/23,away
Edinburgh Rugby,271899,loss,164,528,22,10,233,93,2,1,7,16,22/23,away
Connacht Rugby,271899,win,82,366,15,5,78,188,4,7,5,8,22/23,home
Munster Rugby,271900,loss,146,529,17,9,206,112,5,4,4,12,22/23,home
Glasgow Warriors,271900,win,96,311,16,10,133,181,6,5,3,10,22/23,away
Benetton Rugby,271901,loss,90,361,18,6,125,124,7,3,6,14,22/23,away
Hollywoodbets Sharks,271901,win,110,392,22,6,148,92,8,12,1,10,22/23,home
Connacht Rugby,271902,win,107,405,17,11,142,201,4,8,2,14,22/23,home
Cardiff Rugby,271902,loss,141,474,19,9,207,115,4,4,9,14,22/23,away
Scarlets,271903,loss,68,266,9,3,78,115,3,3,3,5,22/23,away
Glasgow Warriors,271903,win,88,272,21,3,112,83,2,7,7,12,22/23,home
Vodacom Bulls,271904,win,158,609,27,23,210,84,11,7,4,12,22/23,home
Zebre Parma,271904,loss,78,134,7,7,96,145,1,4,3,6,22/23,away
Leinster Rugby,271905,win,80,318,18,5,111,117,5,5,2,12,22/23,away
Emirates Lions,271905,loss,109,407,22,8,138,102,7,3,2,15,22/23,home
Edinburgh Rugby,271906,win,85,399,20,5,97,79,7,11,7,16,22/23,home
Ospreys,271906,loss,82,375,19,5,114,86,3,6,5,11,22/23,away
Munster Rugby,271907,win,100,247,21,11,117,152,3,5,2,9,22/23,away
DHL Stormers,271907,loss,130,451,25,19,167,99,6,4,6,13,22/23,home
Ulster Rugby,271908,win,125,587,18,13,175,118,8,10,6,13,22/23,home
Dragons RFC,271908,loss,105,374,21,4,160,118,4,6,7,17,22/23,away
Benetton Rugby,271909,loss,116,393,30,7,123,119,3,4,4,13,22/23,away
DHL Stormers,271909,win,128,476,20,19,155,122,3,5,6,17,22/23,home
Glasgow Warriors,271910,win,167,396,24,12,235,72,4,6,6,13,22/23,home
Connacht Rugby,271910,loss,57,211,11,2,67,229,2,7,4,5,22/23,away
Zebre Parma,271911,loss,76,314,11,8,86,110,5,9,3,10,22/23,away
Emirates Lions,271911,win,114,715,34,21,161,70,13,6,2,13,22/23,home
Leinster Rugby,271912,loss,59,173,8,6,84,186,2,10,4,5,22/23,away
Vodacom Bulls,271912,win,169,759,31,23,228,62,18,7,3,16,22/23,home
Cardiff Rugby,271913,win,125,407,17,14,177,120,6,9,3,10,22/23,away
Ospreys,271913,loss,115,345,18,13,162,148,1,8,8,13,22/23,home
Dragons RFC,271914,win,99,256,21,14,109,162,2,5,4,15,22/23,home
Scarlets,271914,loss,118,267,20,8,148,101,2,5,3,13,22/23,away
Ulster Rugby,271916,win,145,423,16,6,190,135,3,7,5,14,22/23,home
Edinburgh Rugby,271916,loss,117,416,26,12,159,185,3,11,6,8,22/23,away
Ulster Rugby,276139,win,87,356,12,10,125,108,7,2,4,12,23/24,away
Zebre Parma,276139,loss,108,386,13,7,125,88,2,2,6,17,23/24,home
Connacht Rugby,276140,win,135,525,17,7,210,168,11,9,4,11,23/24,home
Ospreys,276140,loss,137,346,15,5,192,154,2,6,8,10,23/24,away
Dragons RFC,276141,loss,81,265,7,11,108,98,5,6,8,13,23/24,home
Edinburgh Rugby,276141,win,94,312,18,9,136,73,5,7,5,18,23/24,away
Emirates Lions,276142,loss,96,308,20,11,140,59,7,3,3,19,23/24,home
DHL Stormers,276142,win,70,391,17,9,80,125,5,3,2,11,23/24,away
Benetton Rugby,276143,win,135,436,18,3,159,130,4,8,7,14,23/24,away
Cardiff Rugby,276143,loss,126,230,18,10,156,146,2,10,7,12,23/24,home
Munster Rugby,276144,win,125,402,16,11,173,139,7,8,5,14,23/24,home
Hollywoodbets Sharks,276144,loss,125,412,29,8,186,152,6,6,7,13,23/24,away
Vodacom Bulls,276145,win,121,661,19,18,144,89,10,5,5,14,23/24,home
Scarlets,276145,loss,84,286,9,12,110,106,7,6,4,6,23/24,away
Glasgow Warriors,276146,win,119,449,31,13,160,189,9,8,5,12,23/24,home
Leinster Rugby,276146,loss,141,428,18,4,165,123,1,5,5,10,23/24,away
Zebre Parma,276147,loss,84,231,16,6,94,112,6,5,2,13,23/24,away
Ospreys,276147,win,109,443,16,5,148,92,8,7,3,13,23/24,home
Connacht Rugby,276148,win,112,429,11,7,171,187,6,12,3,6,23/24,home
Glasgow Warriors,276148,loss,156,486,30,15,237,128,6,8,6,13,23/24,away
DHL Stormers,276149,win,132,658,26,24,172,116,13,7,4,11,23/24,home
Scarlets,276149,loss,113,210,15,12,133,115,2,6,8,8,23/24,away
Hollywoodbets Sharks,276150,loss,101,501,23,11,120,129,5,7,8,7,23/24,away
Leinster Rugby,276150,win,120,518,17,3,173,88,8,11,8,16,23/24,home
Emirates Lions,276151,loss,135,391,22,7,158,80,3,9,5,12,23/24,away
Edinburgh Rugby,276151,win,86,425,21,9,114,177,8,6,6,12,23/24,home
Cardiff Rugby,276153,win,104,444,17,7,106,126,6,7,5,6,23/24,away
Dragons RFC,276153,loss,103,255,13,2,96,105,4,3,10,15,23/24,home
Ulster Rugby,276154,win,150,474,20,15,167,168,5,5,5,11,23/24,home
Vodacom Bulls,276154,loss,120,286,16,10,139,173,2,8,6,6,23/24,away
Glasgow Warriors,276155,win,101,246,22,6,129,117,7,4,7,14,23/24,home
DHL Stormers,276155,loss,95,254,11,5,104,133,1,5,2,11,23/24,away
Hollywoodbets Sharks,276156,loss,112,442,13,7,141,143,2,3,6,7,23/24,away
Ospreys,276156,win,101,316,9,2,98,127,3,5,6,13,23/24,home
Zebre Parma,276157,loss,70,265,9,5,94,140,4,6,2,7,23/24,home
Vodacom Bulls,276157,win,131,534,24,12,159,79,7,4,8,17,23/24,away
Edinburgh Rugby,276158,loss,100,446,23,9,126,124,5,8,6,12,23/24,away
Leinster Rugby,276158,win,119,502,11,11,160,105,6,9,2,11,23/24,home
Scarlets,276159,win,85,201,15,3,119,120,3,3,5,17,23/24,home
Cardiff Rugby,276159,loss,102,361,16,6,96,111,6,4,6,9,23/24,away
Dragons RFC,276160,loss,85,164,11,2,117,137,2,8,6,16,23/24,away
Munster Rugby,276160,win,117,625,21,6,145,105,10,6,6,10,23/24,home
Connacht Rugby,276161,win,172,441,31,10,218,108,7,4,7,15,23/24,home
Ulster Rugby,276161,loss,97,402,15,11,115,220,3,7,3,5,23/24,away
Emirates Lions,276162,loss,156,365,20,6,194,115,2,6,10,14,23/24,away
Benetton Rugby,276162,win,110,370,11,8,146,202,5,12,8,13,23/24,home
Zebre Parma,276163,win,115,196,13,4,95,144,2,7,5,17,23/24,home
Hollywoodbets Sharks,276163,loss,113,366,13,5,169,146,4,8,5,14,23/24,away
Cardiff Rugby,276164,loss,125,539,23,10,212,119,8,8,4,10,23/24,home
Vodacom Bulls,276164,win,98,388,22,5,111,138,4,10,10,15,23/24,away
Ulster Rugby,276165,win,116,340,19,8,155,179,7,7,6,8,23/24,home
Munster Rugby,276165,loss,129,270,14,5,158,128,1,8,9,10,23/24,away
Benetton Rugby,276166,win,107,177,13,5,135,100,2,6,6,13,23/24,home
DHL Stormers,276166,loss,93,266,16,6,121,149,5,5,1,12,23/24,away
Glasgow Warriors,276167,win,95,215,6,5,120,130,1,8,4,18,23/24,away
Ospreys,276167,loss,101,317,16,4,145,127,3,5,7,11,23/24,home
Scarlets,276168,loss,114,368,25,14,150,144,4,5,6,12,23/24,home
Emirates Lions,276168,win,113,308,20,2,108,117,4,7,6,8,23/24,away
Edinburgh Rugby,276169,win,120,464,25,11,146,180,5,7,3,15,23/24,home
Connacht Rugby,276169,loss,161,386,15,7,203,114,3,6,5,8,23/24,away
Leinster Rugby,276170,win,80,301,17,10,98,97,6,5,3,13,23/24,away
Dragons RFC,276170,loss,88,159,10,2,96,84,1,7,6,15,23/24,home
Vodacom Bulls,276171,loss,71,218,17,4,70,120,3,3,4,8,23/24,away
Edinburgh Rugby,276171,win,116,349,19,12,144,79,6,4,6,10,23/24,home
Emirates Lions,276172,loss,94,236,10,7,92,121,3,6,4,13,23/24,away
Ulster Rugby,276172,win,102,246,13,7,99,116,3,7,5,7,23/24,home
Hollywoodbets Sharks,276174,loss,139,513,29,14,190,83,5,5,7,12,23/24,home
Connacht Rugby,276174,win,80,153,8,5,100,138,1,9,4,12,23/24,away
Ospreys,276175,loss,88,247,13,6,101,120,4,9,4,11,23/24,away
Dragons RFC,276175,win,113,475,25,6,132,106,7,7,4,11,23/24,home
Munster Rugby,276176,win,109,217,16,8,132,93,2,7,6,13,23/24,home
DHL Stormers,276176,loss,87,325,22,9,104,141,3,10,3,7,23/24,away
Scarlets,276177,loss,138,340,14,8,166,145,1,8,10,10,23/24,away
Leinster Rugby,276177,win,157,633,27,14,228,193,8,9,8,14,23/24,home
Benetton Rugby,276178,loss,144,459,12,6,184,93,2,9,4,13,23/24,away
Glasgow Warriors,276178,win,103,458,31,6,136,151,9,10,6,14,23/24,home
Cardiff Rugby,276179,win,92,237,20,4,110,122,4,9,2,8,23/24,home
DHL Stormers,276179,loss,115,451,15,13,147,108,3,5,4,13,23/24,away
Edinburgh Rugby,276180,loss,113,269,23,8,155,150,5,9,2,12,23/24,home
Benetton Rugby,276180,win,116,338,6,4,143,113,3,6,6,13,23/24,away
Zebre Parma,276181,loss,52,149,17,5,81,116,4,0,3,16,23/24,away
Emirates Lions,276181,win,112,429,32,7,159,42,10,6,5,16,23/24,home
Ospreys,276182,win,110,387,27,5,112,111,3,8,4,15,23/24,home
Scarlets,276182,loss,94,174,9,13,108,132,1,6,7,7,23/24,away
Vodacom Bulls,276183,win,122,475,25,14,151,156,7,2,3,11,23/24,home
Connacht Rugby,276183,loss,135,325,15,10,214,129,6,4,3,11,23/24,away
Hollywoodbets Sharks,276184,win,122,506,21,14,160,69,11,7,4,19,23/24,home
Dragons RFC,276184,loss,67,299,13,5,84,111,6,7,3,7,23/24,away
Munster Rugby,276185,loss,134,349,19,4,184,147,5,5,2,14,23/24,away
Leinster Rugby,276185,win,126,351,18,7,146,172,9,6,4,13,23/24,home
Ulster Rugby,276186,loss,139,300,11,6,168,193,2,5,6,6,23/24,away
Glasgow Warriors,276186,win,155,411,20,9,219,181,5,7,4,14,23/24,home
Munster Rugby,276187,win,121,413,22,1,163,118,4,7,5,8,23/24,home
Glasgow Warriors,276187,loss,100,287,18,5,138,172,0,5,4,11,23/24,away
Vodacom Bulls,276188,win,78,363,19,12,88,122,7,8,1,9,23/24,home
Hollywoodbets Sharks,276188,loss,100,441,17,8,133,62,3,4,6,13,23/24,away
Scarlets,276189,win,147,493,26,8,200,103,7,5,5,10,23/24,away
Cardiff Rugby,276189,loss,90,325,10,3,100,185,4,4,3,9,23/24,home
Dragons RFC,276190,loss,97,429,20,14,169,109,8,5,6,14,23/24,away
Emirates Lions,276190,win,106,669,30,11,131,88,11,10,3,9,23/24,home
Edinburgh Rugby,276191,win,126,289,23,8,163,150,1,10,2,11,23/24,away
Ulster Rugby,276191,loss,113,302,12,4,148,148,3,3,9,15,23/24,home
DHL Stormers,276192,win,142,465,40,20,170,80,8,3,4,13,23/24,home
Zebre Parma,276192,loss,76,254,20,5,77,149,5,4,1,10,23/24,away
Connacht Rugby,276193,loss,98,474,21,7,124,171,7,5,1,7,23/24,home
Leinster Rugby,276193,win,128,318,15,2,185,103,6,5,5,10,23/24,away
Benetton Rugby,276194,win,120,350,15,8,154,126,3,2,1,14,23/24,home
Ospreys,276194,loss,91,230,23,19,148,160,3,5,0,12,23/24,away
Edinburgh Rugby,276195,loss,115,310,19,6,124,162,1,3,3,11,23/24,away
Glasgow Warriors,276195,win,127,341,20,10,157,133,7,4,2,16,23/24,home
Ulster Rugby,276196,win,113,221,12,7,120,129,3,6,4,9,23/24,home
Connacht Rugby,276196,loss,105,313,13,5,151,146,3,4,4,11,23/24,away
Zebre Parma,276197,loss,140,421,29,6,123,93,7,9,6,13,23/24,home
Benetton Rugby,276197,win,85,359,21,5,96,162,5,6,5,11,23/24,away
Hollywoodbets Sharks,276198,loss,117,350,23,8,150,98,2,5,7,14,23/24,home
Emirates Lions,276198,win,94,264,16,9,107,123,2,5,3,14,23/24,away
Vodacom Bulls,276199,loss,134,316,25,6,134,73,5,7,6,9,23/24,away
DHL Stormers,276199,win,88,413,23,12,101,182,7,6,4,13,23/24,home
Cardiff Rugby,276200,win,123,507,30,17,134,118,12,12,5,10,23/24,home
Dragons RFC,276200,loss,118,365,12,11,150,112,2,3,6,12,23/24,away
Scarlets,276201,loss,102,388,23,1,122,144,5,5,5,8,23/24,home
Ospreys,276201,win,120,234,17,3,110,120,2,8,5,11,23/24,away
Leinster Rugby,276202,win,92,244,13,3,81,96,1,6,5,10,23/24,away
Munster Rugby,276202,loss,80,202,13,7,65,137,0,10,7,11,23/24,home
Benetton Rugby,276203,win,124,443,21,7,151,114,9,4,4,12,23/24,home
Zebre Parma,276203,loss,106,245,9,7,119,134,4,8,3,5,23/24,away
Emirates Lions,276204,loss,76,349,16,5,73,134,4,8,6,9,23/24,away
Vodacom Bulls,276204,win,114,267,18,9,136,72,4,11,3,18,23/24,home
Glasgow Warriors,276205,loss,139,329,19,9,188,138,3,5,5,11,23/24,away
Edinburgh Rugby,276205,win,136,566,16,12,172,172,8,7,4,7,23/24,home
Hollywoodbets Sharks,276206,loss,84,176,13,6,110,80,2,5,2,15,23/24,away
DHL Stormers,276206,win,92,264,18,11,117,101,4,1,6,14,23/24,home
Cardiff Rugby,276207,loss,74,282,10,2,61,103,4,7,4,6,23/24,away
Ospreys,276207,win,83,307,20,1,80,89,2,7,7,13,23/24,home
Dragons RFC,276208,win,64,195,7,2,53,157,0,8,3,8,23/24,home
Scarlets,276208,loss,112,298,17,1,106,69,3,6,8,11,23/24,away
Leinster Rugby,276209,loss,143,237,14,1,133,82,4,6,4,13,23/24,home
Ulster Rugby,276209,win,73,296,10,3,56,203,5,5,6,9,23/24,away
Munster Rugby,276210,loss,142,292,11,3,172,100,0,5,7,10,23/24,away
Connacht Rugby,276210,win,83,187,10,5,88,202,2,5,7,9,23/24,home
Munster Rugby,276211,win,166,469,24,9,207,112,9,6,5,11,23/24,away
Scarlets,276211,loss,106,234,23,10,136,201,6,7,5,8,23/24,home
Zebre Parma,276212,loss,70,297,15,7,69,161,3,5,3,7,23/24,home
Edinburgh Rugby,276212,win,119,203,9,6,135,70,0,7,8,18,23/24,away
Emirates Lions,276213,loss,67,261,13,7,65,101,1,6,6,7,23/24,home
Vodacom Bulls,276213,win,101,400,20,11,105,65,5,8,6,13,23/24,away
Leinster Rugby,276214,win,139,369,11,5,178,72,7,4,2,11,23/24,home
Benetton Rugby,276214,loss,73,180,18,10,102,155,3,5,6,12,23/24,away
Ospreys,276215,win,112,293,6,10,124,106,1,4,4,10,23/24,home
Ulster Rugby,276215,loss,89,183,6,6,122,120,0,2,5,14,23/24,away
Hollywoodbets Sharks,276216,loss,133,308,24,9,165,108,7,4,7,17,23/24,home
DHL Stormers,276216,win,98,382,10,11,122,164,12,5,3,15,23/24,away
Connacht Rugby,276217,win,128,324,23,6,156,131,4,7,9,16,23/24,away
Cardiff Rugby,276217,loss,94,167,14,3,83,165,1,8,5,13,23/24,home
Glasgow Warriors,276218,win,142,800,39,11,210,130,19,5,6,19,23/24,home
Dragons RFC,276218,loss,104,235,6,6,118,141,0,8,3,8,23/24,away
Edinburgh Rugby,276219,win,100,294,17,4,112,94,4,7,3,11,23/24,home
Ospreys,276219,loss,85,311,22,6,116,126,6,9,8,11,23/24,away
Zebre Parma,276220,loss,101,379,14,7,104,192,6,11,2,6,23/24,away
Munster Rugby,276220,win,188,789,40,19,277,113,11,4,6,10,23/24,home
Emirates Lions,276221,win,123,443,29,18,130,110,9,5,3,10,23/24,home
Hollywoodbets Sharks,276221,loss,101,410,16,4,126,124,3,5,4,10,23/24,away
Benetton Rugby,276222,loss,97,273,19,9,101,155,2,6,3,14,23/24,home
Glasgow Warriors,276222,win,116,302,12,3,148,115,2,8,2,12,23/24,away
Vodacom Bulls,276223,win,66,134,5,3,69,111,4,6,11,10,23/24,home
DHL Stormers,276223,loss,98,344,19,3,110,79,4,7,6,11,23/24,away
Connacht Rugby,276224,win,165,500,28,15,219,102,10,7,4,15,23/24,home
Scarlets,276224,loss,90,225,10,10,104,173,4,7,2,6,23/24,away
Cardiff Rugby,276225,loss,95,350,27,2,119,180,11,6,3,6,23/24,home
Leinster Rugby,276225,win,150,489,18,5,198,112,7,6,3,13,23/24,away
Dragons RFC,276226,loss,86,253,11,2,119,136,2,4,4,11,23/24,away
Ulster Rugby,276226,win,132,363,11,17,180,105,7,4,4,13,23/24,home
Glasgow Warriors,276227,win,176,528,29,11,215,96,7,10,7,19,23/24,home
Cardiff Rugby,276227,loss,93,364,9,5,104,215,2,13,2,7,23/24,away
Munster Rugby,276228,win,88,346,6,4,94,180,5,7,4,6,23/24,away
Ospreys,276228,loss,148,331,18,11,226,101,6,2,3,16,23/24,home
Ulster Rugby,276229,loss,115,288,4,9,136,121,4,6,9,10,23/24,away
Hollywoodbets Sharks,276229,win,105,293,21,9,125,114,5,12,6,12,23/24,home
Scarlets,276230,win,152,495,25,9,222,78,3,9,8,11,23/24,home
Benetton Rugby,276230,loss,78,287,11,3,94,180,5,8,4,8,23/24,away
Edinburgh Rugby,276231,loss,70,188,11,6,73,123,2,5,5,8,23/24,away
DHL Stormers,276231,win,126,542,24,21,165,85,13,4,3,14,23/24,home
Connacht Rugby,276232,loss,147,432,16,11,229,156,7,9,4,5,23/24,home
Emirates Lions,276232,win,132,510,21,13,154,167,7,6,8,12,23/24,away
Dragons RFC,276233,loss,73,245,11,4,127,104,4,5,4,10,23/24,home
Vodacom Bulls,276233,win,99,497,25,11,137,83,8,7,7,17,23/24,away
Zebre Parma,276234,loss,120,424,22,13,174,87,3,8,4,19,23/24,home
Leinster Rugby,276234,win,100,478,16,8,149,130,10,8,6,17,23/24,away
Dragons RFC,276235,win,79,355,24,4,104,172,4,4,5,12,23/24,home
Zebre Parma,276235,loss,144,353,13,11,167,89,2,8,2,12,23/24,away
Vodacom Bulls,276236,loss,78,390,10,5,90,129,4,4,3,12,23/24,away
Leinster Rugby,276236,win,120,532,29,13,138,86,11,4,3,8,23/24,home
Benetton Rugby,276237,win,141,456,25,9,185,203,7,9,4,12,23/24,home
Connacht Rugby,276237,loss,145,366,30,8,196,153,5,7,6,11,23/24,away
Edinburgh Rugby,276238,loss,93,310,12,10,105,131,5,7,2,8,23/24,away
Hollywoodbets Sharks,276238,win,117,453,9,18,142,91,8,4,3,13,23/24,home
Ospreys,276239,win,115,371,22,8,165,178,5,12,7,11,23/24,home
Emirates Lions,276239,loss,145,487,20,13,183,140,4,8,8,13,23/24,away
Ulster Rugby,276240,loss,82,261,14,9,114,77,7,6,0,7,23/24,away
DHL Stormers,276240,win,94,380,21,14,141,93,5,3,2,13,23/24,home
Munster Rugby,276241,win,162,512,16,16,220,136,7,11,5,15,23/24,home
Cardiff Rugby,276241,loss,134,411,24,9,171,165,5,12,5,9,23/24,away
Scarlets,276242,loss,87,173,8,7,109,87,2,3,5,14,23/24,home
Glasgow Warriors,276242,win,88,402,21,2,110,121,11,12,1,12,23/24,away
Ulster Rugby,276243,win,183,576,28,11,216,119,8,3,6,10,23/24,home
Cardiff Rugby,276243,loss,121,379,19,10,176,213,6,9,4,8,23/24,away
Glasgow Warriors,276244,win,173,488,29,12,200,108,8,7,8,10,23/24,home
Hollywoodbets Sharks,276244,loss,104,317,3,5,115,190,1,6,5,16,23/24,away
Emirates Lions,276245,win,65,423,19,5,84,179,6,10,2,11,23/24,home
Leinster Rugby,276245,loss,137,277,24,10,220,66,3,5,6,16,23/24,away
Dragons RFC,276246,loss,100,518,18,2,131,134,5,4,7,8,23/24,away
Benetton Rugby,276246,win,140,557,20,13,177,108,10,11,5,20,23/24,home
Vodacom Bulls,276247,loss,123,365,20,7,151,139,4,9,6,9,23/24,home
Munster Rugby,276247,win,121,329,16,11,179,159,1,13,2,12,23/24,away
Connacht Rugby,276248,win,124,504,25,9,183,132,7,5,3,12,23/24,home
Zebre Parma,276248,loss,105,345,26,4,115,144,3,7,3,9,23/24,away
Edinburgh Rugby,276249,win,172,546,32,10,173,95,8,9,2,17,23/24,home
Scarlets,276249,loss,93,266,13,11,117,222,3,8,7,8,23/24,away
Ospreys,276250,win,119,379,17,8,127,149,10,10,5,9,23/24,away
DHL Stormers,276250,loss,146,469,33,23,200,143,5,6,8,15,23/24,home
Scarlets,276251,loss,93,328,20,6,95,145,5,3,4,7,23/24,home
Hollywoodbets Sharks,276251,win,105,204,9,3,114,118,2,3,2,12,23/24,away
Ulster Rugby,276252,win,149,453,21,13,174,139,7,6,3,11,23/24,home
Benetton Rugby,276252,loss,126,477,31,10,161,187,10,5,3,10,23/24,away
Zebre Parma,276253,loss,105,299,8,9,108,152,2,6,3,9,23/24,home
Glasgow Warriors,276253,win,166,612,29,13,233,110,9,8,7,18,23/24,away
Vodacom Bulls,276254,win,104,585,17,15,123,140,10,5,3,12,23/24,home
Ospreys,276254,loss,124,284,18,8,177,93,4,2,1,9,23/24,away
Edinburgh Rugby,276255,win,169,546,24,6,180,89,7,12,12,20,23/24,away
Cardiff Rugby,276255,loss,91,466,12,5,110,235,8,15,5,13,23/24,home
Munster Rugby,276256,win,50,145,7,5,93,177,2,8,3,12,23/24,away
Emirates Lions,276256,loss,136,440,21,16,178,55,8,6,5,18,23/24,home
DHL Stormers,276257,win,92,476,27,13,108,120,9,6,3,11,23/24,home
Leinster Rugby,276257,loss,110,356,10,12,136,75,6,5,5,11,23/24,away
Dragons RFC,276258,loss,117,356,24,12,152,166,7,6,6,7,23/24,home
Connacht Rugby,276258,win,124,269,19,8,171,133,4,7,5,17,23/24,away
Dragons RFC,276259,loss,104,291,20,7,88,59,3,4,1,10,23/24,home
DHL Stormers,276259,win,76,322,27,9,93,131,5,3,0,8,23/24,away
Edinburgh Rugby,276260,win,130,444,27,7,139,112,7,4,3,15,23/24,home
Zebre Parma,276260,loss,86,224,14,4,110,136,4,6,4,10,23/24,away
Vodacom Bulls,276261,win,106,459,16,14,138,154,6,7,4,17,23/24,home
Glasgow Warriors,276261,loss,135,470,37,14,184,121,9,5,4,9,23/24,away
Ulster Rugby,276262,win,130,499,24,11,152,106,7,7,8,15,23/24,away
Scarlets,276262,loss,91,360,25,6,112,170,3,3,5,7,23/24,home
Hollywoodbets Sharks,276263,loss,125,470,28,10,142,149,7,8,7,8,23/24,home
Benetton Rugby,276263,win,130,417,22,7,153,129,9,8,6,9,23/24,away
Connacht Rugby,276264,loss,125,408,16,4,181,153,6,6,3,8,23/24,away
Munster Rugby,276264,win,129,532,29,19,180,157,10,7,6,10,23/24,home
Cardiff Rugby,276265,loss,93,265,11,4,113,101,2,5,5,11,23/24,away
Emirates Lions,276265,win,117,415,22,9,122,88,7,6,5,14,23/24,home
Ospreys,276266,loss,97,155,20,11,124,160,2,5,2,12,23/24,away
Leinster Rugby,276266,win,176,935,30,14,241,107,13,4,2,10,23/24,home
Munster Rugby,276267,win,148,454,21,8,163,134,6,4,6,8,23/24,away
Edinburgh Rugby,276267,loss,113,191,19,6,110,185,1,10,4,8,23/24,home
Zebre Parma,276268,loss,99,334,23,11,105,180,5,4,4,7,23/24,home
Scarlets,276268,win,131,405,21,8,165,121,5,5,2,10,23/24,away
Vodacom Bulls,276269,win,97,471,26,11,104,112,7,6,1,12,23/24,home
Benetton Rugby,276269,loss,115,354,25,10,137,100,4,3,3,6,23/24,away
Dragons RFC,276270,loss,93,293,17,14,109,133,6,7,7,12,23/24,away
Ospreys,276270,win,114,374,13,11,147,85,6,8,5,21,23/24,home
Emirates Lions,276271,win,118,555,16,9,138,127,7,10,4,10,23/24,home
Glasgow Warriors,276271,loss,148,446,31,9,219,130,6,7,3,10,23/24,away
Connacht Rugby,276272,loss,158,353,19,9,195,96,3,8,5,12,23/24,home
DHL Stormers,276272,win,86,355,22,10,116,203,5,9,3,9,23/24,away
Hollywoodbets Sharks,276273,loss,101,241,11,3,153,70,1,4,8,15,23/24,home
Cardiff Rugby,276273,win,69,338,18,4,93,136,5,11,5,14,23/24,away
Ulster Rugby,276274,win,146,369,15,10,173,161,6,8,3,8,23/24,home
Leinster Rugby,276274,loss,134,288,17,9,143,191,4,6,4,10,23/24,away
Glasgow Warriors,276275,win,176,465,34,12,228,94,8,11,5,12,23/24,home
Zebre Parma,276275,loss,86,325,14,12,77,191,5,8,5,3,23/24,away
Leinster Rugby,276276,win,118,436,19,14,134,179,10,8,3,18,23/24,home
Connacht Rugby,276276,loss,170,400,29,11,228,94,10,10,6,10,23/24,away
Edinburgh Rugby,276277,loss,118,418,20,8,144,100,4,6,4,9,23/24,away
Benetton Rugby,276277,win,90,449,17,8,107,136,11,6,2,14,23/24,home
Emirates Lions,276278,loss,124,292,33,14,129,75,4,6,2,10,23/24,away
DHL Stormers,276278,win,74,193,12,7,92,144,5,4,4,14,23/24,home
Scarlets,276279,win,98,321,20,11,122,160,5,12,3,10,23/24,home
Dragons RFC,276279,loss,148,295,20,16,192,89,9,6,7,14,23/24,away
Hollywoodbets Sharks,276280,loss,125,396,36,11,163,118,12,6,4,11,23/24,home
Vodacom Bulls,276280,win,96,419,24,7,104,142,9,8,3,17,23/24,away
Ospreys,276281,win,96,249,17,7,96,191,6,8,4,10,23/24,away
Cardiff Rugby,276281,loss,160,333,24,11,227,121,6,7,4,12,23/24,home
Munster Rugby,276282,win,146,339,18,18,199,135,7,5,2,15,23/24,home
Ulster Rugby,276282,loss,118,265,9,9,155,148,5,7,3,7,23/24,away
Zebre Parma,280865,loss,192,556,37,19,220,109,9,7,126,15,24/25,away
Cardiff Rugby,280865,win,99,302,15,8,88,243,5,10,69,11,24/25,home
Edinburgh Rugby,280866,loss,101,226,15,5,100,150,4,8,79,10,24/25,home
Leinster Rugby,280866,win,136,251,13,3,139,124,5,3,86,10,24/25,away
Hollywoodbets Sharks,280867,win,123,586,28,16,129,72,8,7,75,13,24/25,home
Emirates Lions,280867,loss,82,380,17,8,106,133,5,7,41,13,24/25,away
Dragons RFC,280868,win,121,338,18,6,135,100,7,3,87,8,24/25,home
Ospreys,280868,loss,103,416,12,8,121,132,5,6,62,17,24/25,away
DHL Stormers,280869,loss,132,529,23,15,135,63,9,7,78,12,24/25,home
Vodacom Bulls,280869,win,81,402,32,13,85,125,9,8,41,11,24/25,away
Munster Rugby,280870,win,131,507,29,12,148,188,10,4,85,7,24/25,home
Connacht Rugby,280870,loss,172,427,26,13,209,136,9,4,110,7,24/25,away
Glasgow Warriors,280872,loss,129,338,23,8,167,270,5,4,93,13,24/25,away
Ulster Rugby,280872,win,188,261,20,7,178,147,2,5,148,12,24/25,home
Glasgow Warriors,280873,win,152,516,29,6,197,153,7,8,91,11,24/25,home
Benetton Rugby,280873,loss,112,313,14,3,137,155,2,5,80,11,24/25,away
Dragons RFC,280874,loss,103,178,10,5,114,166,2,10,71,13,24/25,away
Leinster Rugby,280874,win,174,506,21,15,193,114,9,8,101,19,24/25,home
Emirates Lions,280875,win,133,601,41,11,171,134,13,6,75,16,24/25,home
Ulster Rugby,280875,loss,122,443,27,11,179,130,6,8,82,6,24/25,away
Vodacom Bulls,280876,win,106,509,8,9,115,135,9,6,65,7,24/25,home
Edinburgh Rugby,280876,loss,113,371,16,15,120,122,3,9,74,14,24/25,away
Zebre Parma,280877,win,124,452,24,10,119,119,8,8,78,5,24/25,home
Munster Rugby,280877,loss,143,435,18,8,183,129,4,1,74,13,24/25,away
Cardiff Rugby,280878,win,100,307,22,8,134,154,5,7,64,7,24/25,away
Scarlets,280878,loss,141,337,22,10,162,89,6,6,93,16,24/25,home
Connacht Rugby,280879,win,103,326,18,3,121,144,3,6,74,9,24/25,home
Hollywoodbets Sharks,280879,loss,120,324,20,5,134,115,4,2,88,11,24/25,away
DHL Stormers,280880,loss,126,311,19,17,150,87,5,7,90,20,24/25,away
Ospreys,280880,win,80,271,20,3,101,159,6,4,56,14,24/25,home
Connacht Rugby,280881,win,110,305,16,7,127,88,3,3,64,18,24/25,away
Scarlets,280881,loss,78,232,15,5,80,119,2,5,50,12,24/25,home
Glasgow Warriors,280882,win,106,619,34,6,97,165,14,10,69,10,24/25,away
Cardiff Rugby,280882,loss,163,392,15,9,176,107,5,7,106,9,24/25,home
Emirates Lions,280883,win,104,517,25,14,132,159,11,6,63,10,24/25,home
Edinburgh Rugby,280883,loss,136,296,18,9,170,95,0,6,94,16,24/25,away
Ulster Rugby,280884,loss,108,267,25,4,159,73,4,2,77,13,24/25,away
Vodacom Bulls,280884,win,72,311,14,11,85,124,6,7,39,10,24/25,home
Benetton Rugby,280885,loss,117,250,16,8,160,93,3,5,78,22,24/25,home
Leinster Rugby,280885,win,118,343,24,14,138,125,4,12,61,6,24/25,away
Hollywoodbets Sharks,280886,win,146,387,27,11,142,111,5,2,102,11,24/25,away
Dragons RFC,280886,loss,99,259,22,6,99,197,2,8,71,8,24/25,home
Munster Rugby,280887,win,110,241,16,6,106,137,4,8,86,12,24/25,home
Ospreys,280887,loss,96,226,12,0,76,139,0,1,73,15,24/25,away
DHL Stormers,280888,win,115,259,24,8,128,73,7,2,79,15,24/25,away
Zebre Parma,280888,loss,60,96,6,2,70,147,3,5,44,8,24/25,home
Zebre Parma,280889,loss,141,348,16,7,136,135,5,7,83,7,24/25,away
Glasgow Warriors,280889,win,149,409,29,9,171,143,6,12,86,17,24/25,home
Benetton Rugby,280890,win,90,306,16,5,108,205,7,7,57,11,24/25,home
Hollywoodbets Sharks,280890,loss,170,441,29,12,208,94,5,1,120,8,24/25,away
Cardiff Rugby,280891,loss,153,477,19,9,194,139,6,9,94,14,24/25,home
Scarlets,280891,win,121,409,20,5,127,153,5,11,73,11,24/25,away
Edinburgh Rugby,280892,win,139,247,14,5,124,86,4,4,98,13,24/25,home
DHL Stormers,280892,loss,98,290,8,12,119,166,4,4,50,10,24/25,away
Leinster Rugby,280893,win,133,301,19,7,169,149,4,6,101,10,24/25,home
Munster Rugby,280893,loss,137,467,30,15,187,166,6,6,85,11,24/25,away
Ospreys,280894,loss,96,281,12,9,147,92,2,4,64,16,24/25,home
Vodacom Bulls,280894,win,84,267,13,11,99,112,5,8,47,11,24/25,away
Ulster Rugby,280895,win,95,203,17,0,109,139,1,8,68,11,24/25,home
Connacht Rugby,280895,loss,112,308,26,5,146,117,3,8,78,16,24/25,away
Emirates Lions,280896,win,120,489,18,12,137,101,7,8,73,10,24/25,away
Dragons RFC,280896,loss,123,398,19,9,154,114,5,6,66,17,24/25,home
Vodacom Bulls,280897,loss,118,370,17,11,132,99,3,3,86,16,24/25,away
Scarlets,280897,win,97,225,16,7,94,151,2,7,66,10,24/25,home
Ospreys,280898,loss,179,281,17,7,235,147,4,4,104,20,24/25,away
Ulster Rugby,280898,win,133,377,17,6,139,167,9,4,87,13,24/25,home
Zebre Parma,280899,loss,111,296,19,10,106,99,3,6,69,13,24/25,home
Emirates Lions,280899,win,93,180,14,8,105,107,2,7,60,16,24/25,away
Hollywoodbets Sharks,280900,win,108,328,10,8,120,150,2,4,68,12,24/25,home
Glasgow Warriors,280900,loss,131,290,21,10,161,126,3,4,88,9,24/25,away
Munster Rugby,280901,loss,118,247,13,8,141,111,2,5,76,9,24/25,away
DHL Stormers,280901,win,110,369,18,17,122,126,6,3,64,10,24/25,home
Cardiff Rugby,280902,loss,98,291,17,3,122,195,3,5,60,12,24/25,away
Edinburgh Rugby,280902,win,165,568,40,10,180,101,8,8,109,16,24/25,home
Leinster Rugby,280903,win,119,409,18,17,138,181,8,7,66,14,24/25,away
Connacht Rugby,280903,loss,164,479,35,10,212,107,9,4,118,11,24/25,home
Dragons RFC,280904,loss,116,345,26,7,130,127,6,8,80,12,24/25,home
Benetton Rugby,280904,win,113,199,9,7,136,125,3,5,73,15,24/25,away
Scarlets,280905,win,108,504,22,6,122,106,5,7,61,13,24/25,home
Zebre Parma,280905,loss,107,216,13,7,98,101,2,4,70,10,24/25,away
Benetton Rugby,280906,loss,63,192,7,0,59,146,2,9,37,9,24/25,home
Vodacom Bulls,280906,win,130,284,11,6,116,62,2,7,92,12,24/25,away
DHL Stormers,280907,loss,112,258,17,18,144,103,5,6,59,16,24/25,home
Glasgow Warriors,280907,win,122,345,30,18,155,105,10,4,70,9,24/25,away
Edinburgh Rugby,280908,loss,86,203,10,9,101,172,3,3,54,11,24/25,away
Ospreys,280908,win,136,298,10,4,144,98,3,6,103,19,24/25,home
Hollywoodbets Sharks,280909,win,97,507,26,17,124,168,9,7,55,5,24/25,home
Munster Rugby,280909,loss,150,574,18,14,165,92,10,5,100,8,24/25,away
Leinster Rugby,280910,win,147,384,19,9,205,103,2,7,92,16,24/25,home
Emirates Lions,280910,loss,88,216,20,4,93,148,1,7,62,11,24/25,away
Dragons RFC,280911,loss,129,252,23,2,154,166,3,9,94,14,24/25,away
Connacht Rugby,280911,win,173,470,16,14,224,152,9,10,100,17,24/25,home
Ulster Rugby,280912,loss,161,454,31,14,179,135,7,6,106,7,24/25,away
Cardiff Rugby,280912,win,128,382,18,5,183,201,5,5,84,12,24/25,home
Glasgow Warriors,280913,win,137,289,23,8,137,136,0,6,99,16,24/25,home
Scarlets,280913,loss,121,336,20,6,135,182,5,13,72,9,24/25,away
Leinster Rugby,280914,win,116,326,19,7,144,143,3,6,85,13,24/25,away
Ulster Rugby,280914,loss,119,258,23,8,106,152,4,4,88,10,24/25,home
Hollywoodbets Sharks,280915,win,88,457,21,10,99,123,9,9,55,9,24/25,home
DHL Stormers,280915,loss,114,331,22,8,137,91,8,5,72,12,24/25,away
Cardiff Rugby,280916,win,118,398,23,10,148,167,9,4,75,13,24/25,home
Dragons RFC,280916,loss,140,387,22,5,157,122,6,6,97,9,24/25,away
Connacht Rugby,280917,loss,141,563,34,16,218,126,8,3,96,14,24/25,home
Vodacom Bulls,280917,win,113,561,21,7,123,150,10,9,74,14,24/25,away
Munster Rugby,280918,win,157,332,18,20,195,177,4,11,102,8,24/25,home
Emirates Lions,280918,loss,141,317,24,4,134,147,2,8,109,10,24/25,away
Ospreys,280919,loss,188,368,26,11,249,125,11,7,120,19,24/25,away
Zebre Parma,280919,win,130,367,18,10,129,184,6,8,84,6,24/25,home
Edinburgh Rugby,280920,win,176,509,35,6,188,141,7,10,122,8,24/25,home
Benetton Rugby,280920,loss,108,315,16,7,122,213,3,4,75,10,24/25,away
Ulster Rugby,280921,loss,192,329,27,8,191,95,1,8,158,16,24/25,home
Munster Rugby,280921,win,93,472,28,7,117,289,8,2,53,6,24/25,away
Connacht Rugby,280922,loss,141,354,32,15,193,127,9,6,79,19,24/25,away
Leinster Rugby,280922,win,112,225,24,11,129,128,5,9,72,12,24/25,home
Emirates Lions,280923,loss,121,313,30,8,132,141,7,7,90,18,24/25,away
DHL Stormers,280923,win,146,587,30,16,176,149,10,8,90,17,24/25,home
Benetton Rugby,280924,win,160,470,28,8,188,150,8,5,99,18,24/25,home
Zebre Parma,280924,loss,111,257,19,4,94,166,2,11,79,10,24/25,away
Hollywoodbets Sharks,280925,win,72,311,12,6,71,60,4,4,43,5,24/25,home
Vodacom Bulls,280925,loss,70,250,16,8,76,65,3,3,43,17,24/25,away
Edinburgh Rugby,280926,loss,127,348,28,11,137,172,3,7,83,11,24/25,away
Glasgow Warriors,280926,win,170,445,18,14,178,138,10,3,102,15,24/25,home
Dragons RFC,280927,loss,131,337,22,5,141,110,3,5,85,16,24/25,home
Cardiff Rugby,280927,win,109,328,20,4,102,161,2,7,69,14,24/25,away
Ospreys,280928,win,163,378,39,10,196,93,6,6,125,17,24/25,home
Scarlets,280928,loss,90,335,16,12,91,208,5,7,59,12,24/25,away
Emirates Lions,280929,loss,134,567,22,18,170,128,6,6,64,10,24/25,away
Vodacom Bulls,280929,win,124,341,21,10,137,108,5,8,71,15,24/25,home
Leinster Rugby,280930,win,147,353,30,11,163,175,9,4,102,8,24/25,away
Munster Rugby,280930,loss,126,333,22,9,153,185,2,5,92,10,24/25,home
Connacht Rugby,280931,loss,153,406,32,19,243,102,4,6,99,24,24/25,home
Ulster Rugby,280931,win,81,252,14,8,61,170,2,9,58,13,24/25,away
Hollywoodbets Sharks,280932,loss,82,220,22,8,92,134,4,8,54,9,24/25,away
DHL Stormers,280932,win,134,405,18,22,159,90,5,6,68,11,24/25,home
Zebre Parma,280933,loss,145,389,21,11,138,203,6,9,87,7,24/25,home
Benetton Rugby,280933,win,178,476,35,12,170,149,7,11,113,10,24/25,away
Edinburgh Rugby,280934,win,152,279,18,4,182,156,4,9,113,17,24/25,home
Glasgow Warriors,280934,loss,125,257,18,8,144,194,4,8,82,13,24/25,away
Scarlets,280936,win,128,536,30,15,124,125,10,9,64,12,24/25,home
Dragons RFC,280936,loss,121,395,16,9,143,110,4,6,72,20,24/25,away
Glasgow Warriors,280937,win,103,281,16,5,134,198,5,6,82,11,24/25,home
Connacht Rugby,280937,loss,160,462,22,8,231,128,5,4,116,15,24/25,away
Benetton Rugby,280938,loss,115,247,19,7,136,149,2,3,72,14,24/25,away
Ospreys,280938,win,170,618,29,11,189,127,6,8,102,14,24/25,home
Vodacom Bulls,280939,win,124,550,26,19,146,110,5,11,65,12,24/25,away
Emirates Lions,280939,loss,112,355,21,10,116,117,6,7,62,10,24/25,home
Scarlets,280940,win,78,164,13,8,101,131,1,6,50,16,24/25,home
Edinburgh Rugby,280940,loss,112,283,10,8,126,84,2,5,79,13,24/25,away
DHL Stormers,280941,loss,94,361,17,7,92,143,6,6,50,12,24/25,away
Leinster Rugby,280941,win,133,305,18,13,177,81,6,13,87,15,24/25,home
Cardiff Rugby,280942,loss,125,413,23,3,170,148,9,7,100,8,24/25,home
Hollywoodbets Sharks,280942,win,118,404,28,9,149,145,8,6,81,11,24/25,away
Munster Rugby,280943,win,176,707,25,14,215,83,13,3,96,19,24/25,away
Dragons RFC,280943,loss,85,222,11,3,99,160,5,6,57,8,24/25,home
Zebre Parma,280944,win,114,397,28,18,92,211,5,6,60,14,24/25,away
Ulster Rugby,280944,loss,178,405,30,8,201,106,2,5,127,14,24/25,home
Zebre Parma,280945,win,111,357,18,17,112,218,7,4,57,10,24/25,away
Edinburgh Rugby,280945,loss,189,381,30,14,221,95,3,7,136,13,24/25,home
Leinster Rugby,280946,win,131,298,16,10,169,131,4,7,93,11,24/25,away
Ospreys,280946,loss,113,257,17,5,112,149,1,6,75,18,24/25,home
Emirates Lions,280947,win,74,372,17,8,80,138,8,14,38,10,24/25,home
DHL Stormers,280947,loss,165,518,22,22,217,66,13,3,83,24,24/25,away
Vodacom Bulls,280948,loss,106,251,11,6,98,89,4,7,74,17,24/25,home
Hollywoodbets Sharks,280948,win,93,383,19,18,121,127,8,8,58,12,24/25,away
Ulster Rugby,280949,loss,114,333,18,8,117,153,5,5,79,12,24/25,away
Benetton Rugby,280949,win,141,330,27,9,168,132,4,6,90,22,24/25,home
Munster Rugby,280950,win,214,487,25,17,254,57,2,6,151,15,24/25,home
Scarlets,280950,loss,60,158,6,2,64,230,1,7,33,5,24/25,away
Connacht Rugby,280951,win,144,400,22,8,211,97,7,3,110,15,24/25,home
Cardiff Rugby,280951,loss,105,290,12,7,142,184,5,6,71,13,24/25,away
Dragons RFC,280952,loss,133,389,11,11,144,151,3,3,85,12,24/25,home
Glasgow Warriors,280952,win,156,606,24,14,179,154,12,10,93,16,24/25,away
Edinburgh Rugby,280953,win,101,251,22,3,133,182,5,6,68,10,24/25,away
Munster Rugby,280953,loss,141,372,15,8,185,126,9,8,98,9,24/25,home
Dragons RFC,280954,loss,162,400,26,6,186,122,2,4,110,11,24/25,away
Zebre Parma,280954,win,110,349,20,10,115,174,7,6,76,13,24/25,home
Hollywoodbets Sharks,280955,loss,133,378,14,18,136,129,4,9,77,11,24/25,away
Emirates Lions,280955,win,125,466,15,12,132,118,8,11,79,15,24/25,home
DHL Stormers,280956,win,69,217,13,5,75,75,0,3,36,11,24/25,away
Vodacom Bulls,280956,loss,59,142,9,1,54,59,1,7,45,13,24/25,home
Leinster Rugby,280957,win,205,536,27,13,251,109,5,6,134,17,24/25,home
Cardiff Rugby,280957,loss,113,368,20,8,129,221,7,2,69,10,24/25,away
Scarlets,280958,loss,135,440,11,12,138,161,5,5,91,11,24/25,away
Ulster Rugby,280958,win,143,344,24,5,158,145,2,3,106,7,24/25,home
Benetton Rugby,280959,loss,128,346,20,10,157,183,7,5,85,16,24/25,away
Connacht Rugby,280959,win,167,486,28,10,196,137,11,8,115,5,24/25,home
Glasgow Warriors,280960,loss,101,164,18,6,116,154,2,6,77,12,24/25,home
Ospreys,280960,win,127,307,20,8,171,141,4,4,94,14,24/25,away
Cardiff Rugby,280961,win,87,355,12,3,87,223,3,6,58,11,24/25,home
Emirates Lions,280961,loss,174,345,19,9,195,85,2,7,129,14,24/25,away
Munster Rugby,280962,loss,159,420,39,15,206,158,4,11,110,15,24/25,away
Glasgow Warriors,280962,win,133,457,30,13,150,202,7,8,90,10,24/25,home
Hollywoodbets Sharks,280963,win,124,461,25,11,133,66,2,3,78,13,24/25,home
Zebre Parma,280963,loss,95,392,18,15,99,136,9,6,46,7,24/25,away
Benetton Rugby,280964,win,133,492,23,5,162,108,7,5,95,14,24/25,home
Edinburgh Rugby,280964,loss,85,234,20,4,84,176,5,6,62,11,24/25,away
Leinster Rugby,280965,loss,119,399,12,10,151,79,5,7,69,12,24/25,away
Vodacom Bulls,280965,win,78,283,14,8,97,108,3,7,46,20,24/25,home
Dragons RFC,280966,loss,73,260,13,2,70,146,6,8,44,11,24/25,home
Ulster Rugby,280966,win,124,371,17,7,145,74,4,3,93,14,24/25,away
Connacht Rugby,280967,loss,154,540,37,15,248,112,10,5,104,12,24/25,away
Ospreys,280967,win,115,525,23,16,120,177,7,7,65,14,24/25,home
Scarlets,280968,loss,112,324,25,11,122,74,5,10,68,13,24/25,home
DHL Stormers,280968,win,90,344,24,10,100,128,7,7,45,13,24/25,away
Connacht Rugby,280969,loss,149,502,20,17,205,190,9,4,77,12,24/25,home
Munster Rugby,280969,win,154,311,27,10,152,128,7,10,110,11,24/25,away
DHL Stormers,280970,loss,98,335,18,8,94,155,4,7,73,12,24/25,away
Ulster Rugby,280970,win,141,452,27,10,136,120,8,2,92,10,24/25,home
Dragons RFC,280971,loss,117,291,17,7,124,142,2,4,71,7,24/25,away
Edinburgh Rugby,280971,win,129,398,28,13,160,135,10,8,82,19,24/25,home
Vodacom Bulls,280972,win,93,507,26,9,119,42,9,6,52,18,24/25,home
Zebre Parma,280972,loss,69,351,15,7,97,83,5,6,28,10,24/25,away
Ospreys,280973,loss,96,301,16,6,111,159,4,4,68,6,24/25,away
Scarlets,280973,win,132,381,21,8,161,105,9,6,92,17,24/25,home
Hollywoodbets Sharks,280974,loss,113,286,24,15,138,129,4,4,75,13,24/25,home
Leinster Rugby,280974,win,103,196,16,5,93,116,4,6,78,5,24/25,away
Benetton Rugby,280975,win,111,293,23,9,134,76,8,4,87,17,24/25,home
Cardiff Rugby,280975,loss,71,266,9,3,67,154,4,5,46,12,24/25,away
Glasgow Warriors,280976,win,265,766,37,23,327,121,7,9,158,11,24/25,home
Emirates Lions,280976,loss,123,300,14,5,151,247,2,12,71,9,24/25,away
Edinburgh Rugby,280977,loss,146,375,26,8,157,111,8,5,113,14,24/25,home
Hollywoodbets Sharks,280977,win,74,210,15,2,74,181,3,4,58,12,24/25,away
Emirates Lions,280978,loss,164,462,35,18,195,62,6,6,86,15,24/25,home
Benetton Rugby,280978,win,82,380,10,9,92,145,7,8,41,7,24/25,away
Ospreys,280979,loss,170,445,28,12,236,128,7,5,115,18,24/25,home
Cardiff Rugby,280979,win,103,310,22,5,124,190,9,9,68,12,24/25,away
DHL Stormers,280980,win,81,353,25,6,78,129,8,3,48,16,24/25,home
Connacht Rugby,280980,loss,111,301,23,7,148,82,8,7,76,14,24/25,away
Vodacom Bulls,280981,win,92,231,19,3,72,182,1,8,65,8,24/25,away
Munster Rugby,280981,loss,166,401,21,8,228,99,6,7,118,11,24/25,home
Scarlets,280982,win,123,441,20,9,137,151,8,8,70,14,24/25,away
Dragons RFC,280982,loss,127,402,31,8,152,124,4,10,94,9,24/25,home
Ulster Rugby,280983,loss,170,460,45,16,188,151,7,4,124,11,24/25,away
Leinster Rugby,280983,win,132,487,29,13,156,208,7,6,89,14,24/25,home
Zebre Parma,280984,loss,91,418,13,9,102,169,4,15,47,9,24/25,home
Glasgow Warriors,280984,win,151,430,31,4,196,77,7,11,108,22,24/25,away
Glasgow Warriors,280985,loss,169,708,52,11,234,103,10,4,121,16,24/25,home
Vodacom Bulls,280985,win,94,395,25,7,109,188,6,7,62,7,24/25,away
Munster Rugby,280986,loss,176,306,27,11,228,155,5,5,116,7,24/25,away
Cardiff Rugby,280986,win,147,364,20,12,210,197,9,5,94,18,24/25,home
Connacht Rugby,280987,loss,116,346,14,12,158,93,3,10,72,11,24/25,away
Emirates Lions,280987,win,117,447,33,21,152,110,9,9,67,12,24/25,home
Ospreys,280988,win,121,686,28,12,154,111,11,5,62,13,24/25,home
Dragons RFC,280988,loss,85,131,18,2,112,103,2,7,68,15,24/25,away
DHL Stormers,280989,win,109,578,23,13,116,103,10,9,50,12,24/25,home
Benetton Rugby,280989,loss,112,301,16,11,130,76,7,3,59,10,24/25,away
Leinster Rugby,280990,loss,125,364,31,10,177,131,6,12,94,10,24/25,away
Scarlets,280990,win,108,390,34,7,121,157,10,5,71,11,24/25,home
Hollywoodbets Sharks,280991,win,144,461,27,11,205,127,6,6,105,15,24/25,away
Ulster Rugby,280991,loss,110,451,21,13,125,167,7,7,74,8,24/25,home
Ospreys,280993,loss,76,231,14,10,85,164,6,7,47,15,24/25,away
Hollywoodbets Sharks,280993,win,133,358,35,10,137,65,5,9,93,18,24/25,home
Munster Rugby,280994,win,134,398,23,16,138,158,9,10,77,10,24/25,home
Ulster Rugby,280994,loss,134,328,23,11,175,135,2,3,89,10,24/25,away
Vodacom Bulls,280995,win,115,464,22,21,150,117,8,5,54,11,24/25,home
Cardiff Rugby,280995,loss,119,409,19,7,187,100,5,5,75,14,24/25,away
DHL Stormers,280996,win,116,660,26,11,168,83,12,5,71,13,24/25,home
Dragons RFC,280996,loss,74,259,12,5,78,112,3,3,57,4,24/25,away
Leinster Rugby,280997,win,145,801,33,24,199,130,12,8,68,12,24/25,home
Zebre Parma,280997,loss,134,445,32,17,147,110,8,7,73,9,24/25,away
Glasgow Warriors,280998,loss,156,431,30,12,183,67,6,2,83,16,24/25,away
Benetton Rugby,280998,win,89,341,12,12,95,136,6,5,38,6,24/25,home
Connacht Rugby,280999,loss,131,452,25,9,177,73,7,5,82,9,24/25,home
Edinburgh Rugby,280999,win,75,332,12,5,81,145,3,5,40,16,24/25,away
Emirates Lions,281000,loss,139,436,34,17,186,79,7,5,95,14,24/25,home
Scarlets,281000,win,84,347,21,11,105,145,11,9,47,14,24/25,away
Cardiff Rugby,281001,loss,80,245,9,7,96,154,5,11,51,10,24/25,away
DHL Stormers,281001,win,157,600,23,23,195,77,11,5,93,17,24/25,home
Ulster Rugby,281002,loss,127,380,22,10,173,109,3,4,87,12,24/25,away
Edinburgh Rugby,281002,win,111,486,27,6,139,154,10,10,62,12,24/25,home
Benetton Rugby,281003,loss,90,332,22,8,116,152,7,6,54,13,24/25,away
Munster Rugby,281003,win,145,403,21,9,175,85,8,6,101,7,24/25,home
Dragons RFC,281004,loss,81,271,9,5,80,125,6,6,52,12,24/25,away
Vodacom Bulls,281004,win,127,420,19,7,145,89,10,7,74,19,24/25,home
Emirates Lions,281005,win,109,325,28,10,158,147,5,8,70,16,24/25,home
Ospreys,281005,loss,128,469,16,6,175,116,5,5,88,11,24/25,away
Connacht Rugby,281006,win,144,511,25,11,189,78,9,9,77,18,24/25,away
Zebre Parma,281006,loss,91,418,11,7,90,126,8,12,43,17,24/25,home
Hollywoodbets Sharks,281007,win,112,299,21,6,117,78,2,8,86,20,24/25,home
Scarlets,281007,loss,71,225,12,5,70,142,8,10,49,9,24/25,away
Glasgow Warriors,281008,loss,100,242,22,5,116,164,4,4,69,17,24/25,away
Leinster Rugby,281008,win,141,393,10,9,195,119,5,6,96,14,24/25,home
