Number,Date,Team.Stats.for,Match,Tries,PenGoals,Cons,Drops,MissedGoals,PenTries,Carry,MetresMade,DefenderBeaten,Offload,Pass,Tackle,MissedTackle,Turnover,KicksfromHand,CleanBreaks,Turnovers.Won,LineoutsWon,LineoutsLost,ScrumsWon,ScrumsLost,RucksWon,RucksLost,Total.Penalty.Conceded,Free.Kicks,Scrum.Penalty,Lineout.Penalty,Tackle.Ruck...Maul.Pens,Gen.Play.Pens,Control.Pens,YellowCards,RedCards,Match.Type,Season,PF,PA,PD,Match.Outcome,Home.or.Away
89,14/03/2021,Benetton,Benetton v Cardiff Blues,-2,-1,-1,0,-1,0,-20,-81,-7,-2,18,19,7,9,-8,1,-5,3,-1,-4,-2,-22,2,2,0,-1,0,6,-2,-1,0,0,Regular,S20,14,29,-15,L,H
90,14/03/2021,Cardiff,Benetton v Cardiff Blues,2,1,1,0,1,0,20,81,7,2,-18,-19,-7,-9,8,-1,5,-3,1,4,2,22,-2,-2,0,1,0,-6,2,1,0,0,Regular,S20,29,14,15,W,A
155,26/02/2021,Benetton,Benetton v Connacht,-1,1,0,0,-1,0,38,109,4,-1,110,-60,-4,8,-2,-1,-4,9,-1,-3,0,42,3,0,2,-1,0,1,1,-1,-1,0,Regular,S20,17,19,-2,L,H
157,26/02/2021,Connacht,Benetton v Connacht,1,-1,0,0,1,0,-38,-109,-4,1,-110,60,4,-8,2,1,4,-9,1,3,0,-42,-3,0,-2,1,0,-1,-1,1,1,0,Regular,S20,19,17,2,W,A
181,29/11/2020,Benetton,Benetton v Dragons,0,-3,1,0,-3,0,62,270,11,2,72,-77,-11,1,-9,-2,-6,9,0,2,1,38,5,7,0,0,-1,7,2,-1,0,0,Regular,S20,19,26,-7,L,H
183,29/11/2020,Dragons,Benetton v Dragons,0,3,-1,0,3,0,-62,-270,-11,-2,-72,77,11,-1,9,2,6,-9,0,-2,-1,-38,-5,-7,0,0,1,-7,-2,1,0,0,Regular,S20,26,19,7,W,A
69,10/10/2020,Benetton,Benetton v Leinster,-1,-1,-1,0,1,-1,7,-148,7,1,51,-14,-7,1,-6,-2,-4,6,1,1,0,7,-1,-4,-1,1,-1,-3,1,-1,0,0,Regular,S20,25,37,-12,L,H
73,10/10/2020,Leinster,Benetton v Leinster,1,1,1,0,-1,1,-7,148,-7,-1,-51,14,7,-1,6,2,4,-6,-1,-1,0,-7,1,4,1,-1,1,3,-1,1,0,0,Regular,S20,37,25,12,W,A
185,30/01/2021,Benetton,Benetton v Munster,0,1,-1,-1,1,0,64,71,14,11,107,-95,-14,0,-3,5,0,5,2,0,0,59,-4,-2,1,0,0,-2,-1,0,1,0,Regular,S20,16,18,-2,L,H
187,30/01/2021,Munster,Benetton v Munster,0,-1,1,1,-1,0,-64,-71,-14,-11,-107,95,14,0,3,-5,0,-5,-2,0,0,-59,4,2,-1,0,0,2,1,0,-1,0,Regular,S20,18,16,2,W,A
141,23/10/2020,Benetton,Benetton v Scarlets,-1,0,-1,0,0,0,58,32,15,5,51,-81,-15,1,1,-4,-5,-4,-2,2,2,55,-3,-2,0,1,0,-1,0,-2,0,-1,Regular,S20,3,10,-7,L,H
143,23/10/2020,Scarlets,Benetton v Scarlets,1,0,1,0,0,0,-58,-32,-15,-5,-51,81,15,-1,-1,4,5,4,2,-2,-2,-55,3,2,0,-1,0,1,0,2,0,1,Regular,S20,10,3,7,W,A
9,02/01/2021,Benetton,Benetton v Zebre,0,-3,0,0,0,0,50,14,0,1,55,-72,0,2,-4,2,1,8,2,1,1,45,3,-1,0,0,-2,0,0,1,0,0,Regular,S20,15,24,-9,L,H
16,02/01/2021,Zebre,Benetton v Zebre,0,3,0,0,0,0,-50,-14,0,-1,-55,72,0,-2,4,-2,-1,-8,-2,-1,-1,-45,-3,1,0,0,2,0,0,-1,0,0,Regular,S20,24,15,9,W,A
97,16/11/2020,Benetton,Cardiff Blues v Benetton,-2,-1,-2,0,0,0,-15,29,-6,1,-13,12,6,1,4,-3,5,1,-1,-3,0,-7,-3,5,0,2,0,3,0,0,1,0,Regular,S20,5,22,-17,L,A
98,16/11/2020,Cardiff,Cardiff Blues v Benetton,2,1,2,0,0,0,15,-29,6,-1,13,-12,-6,-1,-4,3,-5,-1,1,3,0,7,3,-5,0,-2,0,-3,0,0,-1,0,Regular,S20,22,5,17,W,H
70,10/10/2020,Cardiff,Cardiff Blues v Connacht,3,1,1,0,1,1,-29,145,6,3,-31,56,-6,-7,1,9,6,-3,0,0,1,-38,-3,0,3,-1,0,5,-2,-2,0,0,Regular,S20,29,7,22,W,H
71,10/10/2020,Connacht,Cardiff Blues v Connacht,-3,-1,-1,0,-1,-1,29,-145,-6,-3,31,-56,6,7,-1,-9,-6,3,0,0,-1,38,3,0,-3,1,0,-5,2,2,0,0,Regular,S20,7,29,-22,L,A
125,22/03/2021,Cardiff,Cardiff Blues v Edinburgh,2,1,3,0,0,0,-29,-153,-8,4,-51,57,8,1,-4,1,5,1,0,0,0,-34,-4,-5,0,-1,0,-2,-2,0,0,0,Regular,S20,34,15,19,W,H
127,22/03/2021,Edinburgh,Cardiff Blues v Edinburgh,-2,-1,-3,0,0,0,29,153,8,-4,51,-57,-8,-1,4,-1,-5,-1,0,0,0,34,4,5,0,1,0,2,2,0,0,0,Regular,S20,15,34,-19,L,A
182,29/11/2020,Cardiff,Cardiff Blues v Glasgow Warriors,0,-3,0,0,-1,0,-52,-179,4,1,-41,75,-4,1,-4,2,-2,9,0,-1,0,-58,3,5,1,-1,1,2,1,2,1,0,Regular,S20,10,19,-9,L,H
184,29/11/2020,Glasgow,Cardiff Blues v Glasgow Warriors,0,3,0,0,1,0,52,179,-4,-1,41,-75,4,-1,4,-2,2,-9,0,1,0,58,-3,-5,-1,1,-1,-2,-1,-2,-1,0,Regular,S20,19,10,9,W,A
156,26/02/2021,Cardiff,Cardiff Blues v Munster,-1,0,-2,0,2,0,-25,-28,5,-2,-37,50,-5,-4,2,5,0,-6,-4,2,1,-24,-1,3,0,3,0,0,0,1,1,0,Regular,S20,11,20,-9,L,H
158,26/02/2021,Munster,Cardiff Blues v Munster,1,0,2,0,-2,0,25,28,-5,2,37,-50,5,4,-2,-5,0,6,4,-2,-1,24,1,-3,0,-3,0,0,0,-1,-1,0,Regular,S20,20,11,9,W,A
1,01/01/2021,Cardiff,Cardiff Blues v Ospreys,-2,0,-1,0,-1,-1,-7,8,-4,2,-32,26,4,0,-4,2,3,-6,2,-5,1,-9,-2,9,1,4,1,4,1,-1,2,0,Regular,S20,3,17,-14,L,H
3,01/01/2021,Ospreys,Cardiff Blues v Ospreys,2,0,1,0,1,1,7,-8,4,-2,32,-26,-4,0,4,-2,-3,6,-2,5,-1,9,2,-9,-1,-4,-1,-4,-1,1,-2,0,Regular,S20,17,3,14,W,A
56,09/01/2021,Cardiff,Cardiff Blues v Scarlets,1,2,-1,0,2,0,24,202,13,3,44,-2,-13,1,4,9,1,6,0,-1,1,16,-1,-5,0,2,0,-3,-4,0,0,-1,Regular,S20,29,20,9,W,H
61,09/01/2021,Scarlets,Cardiff Blues v Scarlets,-1,-2,1,0,-2,0,-24,-202,-13,-3,-44,2,13,-1,-4,-9,-1,-6,0,1,-1,-16,1,5,0,-2,0,3,4,0,0,1,Regular,S20,20,29,-9,L,A
23,02/11/2020,Cardiff,Cardiff Blues v Ulster,0,-2,1,0,0,0,-37,-122,-3,6,15,67,3,5,5,-3,2,0,-2,-16,-1,-45,-5,6,1,3,1,1,1,0,1,0,Regular,S20,7,11,-4,L,H
27,02/11/2020,Ulster,Cardiff Blues v Ulster,0,2,-1,0,0,0,37,122,3,-6,-15,-67,-3,-5,-5,3,-2,0,2,16,1,45,5,-6,-1,-3,-1,-1,-1,0,-1,0,Regular,S20,11,7,4,W,A
35,04/12/2020,Benetton,Connacht v Benetton,-3,0,-1,0,-2,0,-23,-11,-2,8,15,52,2,7,0,-4,1,3,-2,-5,2,-26,-3,1,0,4,-1,-5,0,3,1,0,Regular,S20,14,31,-17,L,A
36,04/12/2020,Connacht,Connacht v Benetton,3,0,1,0,2,0,23,11,2,-8,-15,-52,-2,-7,0,4,-1,-3,2,5,-2,26,3,-1,0,-4,1,5,0,-3,-1,0,Regular,S20,31,14,17,W,H
114,20/02/2021,Cardiff,Connacht v Cardiff Blues,-2,-1,-1,0,0,0,22,-8,-1,5,41,-5,1,1,-11,-3,2,2,1,-3,0,18,0,-1,2,1,0,-3,0,1,0,0,Regular,S20,17,32,-15,L,A
115,20/02/2021,Connacht,Connacht v Cardiff Blues,2,1,1,0,0,0,-22,8,1,-5,-41,5,-1,-1,11,3,-2,-2,-1,3,0,-18,0,1,-2,-1,0,3,0,-1,0,0,Regular,S20,32,17,15,W,H
85,13/03/2021,Connacht,Connacht v Edinburgh,0,-1,1,0,-1,0,20,-96,0,-2,58,-19,0,4,-2,-1,-2,6,0,-1,0,13,3,-2,-1,-2,-2,0,1,1,0,1,Regular,S20,14,15,-1,L,H
87,13/03/2021,Edinburgh,Connacht v Edinburgh,0,1,-1,0,1,0,-20,96,0,2,-58,19,0,-4,2,1,2,-6,0,1,0,-13,-3,2,1,2,2,0,-1,-1,0,-1,Regular,S20,15,14,1,W,A
29,03/10/2020,Connacht,Connacht v Glasgow Warriors,0,2,-1,0,1,0,-7,-126,-11,5,-26,12,11,-3,4,-6,0,-1,1,0,1,-13,0,-1,2,-1,3,0,-1,-2,1,0,Regular,S20,28,24,4,W,H
31,03/10/2020,Glasgow,Connacht v Glasgow Warriors,0,-2,1,0,-1,0,7,126,11,-5,26,-12,-11,3,-4,6,0,1,-1,0,-1,13,0,1,-2,1,-3,0,1,2,-1,0,Regular,S20,24,28,-4,L,A
57,09/01/2021,Connacht,Connacht v Munster,0,-2,0,0,1,0,54,19,8,0,67,-70,-8,2,-6,1,-5,5,0,3,-1,51,4,-5,-1,-1,-1,-2,1,-1,-1,0,Regular,S20,10,16,-6,L,H
59,09/01/2021,Munster,Connacht v Munster,0,2,0,0,-1,0,-54,-19,-8,0,-67,70,8,-2,6,-1,5,-5,0,-3,1,-51,-4,5,1,1,1,2,-1,1,1,0,Regular,S20,16,10,6,W,A
147,24/01/2021,Connacht,Connacht v Ospreys,-2,2,-1,0,-1,0,-42,-55,-15,-4,-67,38,15,3,2,-4,-1,-6,-3,-3,1,-30,1,0,-1,1,-1,1,1,-2,-1,0,Regular,S20,20,26,-6,L,H
148,24/01/2021,Ospreys,Connacht v Ospreys,2,-2,1,0,1,0,42,55,15,4,67,-38,-15,-3,-2,4,1,6,3,3,-1,30,-1,0,1,-1,1,-1,-1,2,1,0,Regular,S20,26,20,6,W,A
91,14/11/2020,Connacht,Connacht v Scarlets,-1,-1,1,0,-2,0,48,80,12,1,25,-76,-12,13,-10,-1,-4,8,-3,0,1,35,3,-2,-3,-1,-1,1,0,-1,0,0,Regular,S20,14,20,-6,L,H
92,14/11/2020,Scarlets,Connacht v Scarlets,1,1,-1,0,2,0,-48,-80,-12,-1,-25,76,12,-13,10,1,4,-8,3,0,-1,-35,-3,2,3,1,1,-1,0,1,0,0,Regular,S20,20,14,6,W,A
175,27/12/2020,Connacht,Connacht v Ulster,1,-6,0,0,0,0,77,179,5,5,107,-81,-5,1,-9,4,-5,0,4,3,0,53,6,1,0,-1,1,2,-1,0,-1,0,Regular,S20,19,32,-13,L,H
176,27/12/2020,Ulster,Connacht v Ulster,-1,6,0,0,0,0,-77,-179,-5,-5,-107,81,5,-1,9,-4,5,0,-4,-3,0,-53,-6,-1,0,1,-1,-2,1,0,1,0,Regular,S20,32,19,13,W,A
163,26/12/2020,Cardiff,Dragons v Cardiff Blues,1,-2,1,0,0,0,8,-64,-3,0,-27,-50,3,-2,3,0,1,8,2,4,0,17,-3,-5,-2,-2,0,-2,-1,0,0,0,Regular,S20,13,12,1,W,A
164,26/12/2020,Dragons,Dragons v Cardiff Blues,-1,2,-1,0,0,0,-8,64,3,0,27,50,-3,2,-3,0,-1,-8,-2,-4,0,-17,3,5,2,2,0,2,1,0,0,0,Regular,S20,12,13,-1,L,H
37,05/02/2021,Connacht,Dragons v Connacht,1,0,1,1,1,0,-41,-14,-5,2,-38,41,5,-7,5,1,-1,-2,0,3,0,-32,5,7,0,-1,-1,6,4,-1,1,0,Regular,S20,30,20,10,W,A
38,05/02/2021,Dragons,Dragons v Connacht,-1,0,-1,-1,-1,0,41,14,5,-2,38,-41,-5,7,-5,-1,1,2,0,-3,0,32,-5,-7,0,1,1,-6,-4,1,-1,0,Regular,S20,20,30,-10,L,H
179,28/03/2021,Dragons,Dragons v Edinburgh,0,1,2,0,-1,0,-29,-79,2,6,-5,32,-2,8,-11,-1,-6,5,-1,-4,0,-34,4,2,1,-2,0,4,-1,1,-1,0,Regular,S20,24,17,7,W,H
180,28/03/2021,Edinburgh,Dragons v Edinburgh,0,-1,-2,0,1,0,29,79,-2,-6,5,-32,2,-8,11,1,6,-5,1,4,0,34,-4,-2,-1,2,0,-4,1,-1,1,0,Regular,S20,17,24,-7,L,A
121,21/03/2021,Dragons,Dragons v Glasgow Warriors,0,3,0,0,0,0,-39,43,8,0,-14,58,-8,-1,0,2,4,-3,1,2,-1,-38,-1,-5,0,-1,0,-3,1,-1,0,0,Regular,S20,26,17,9,W,H
122,21/03/2021,Glasgow,Dragons v Glasgow Warriors,0,-3,0,0,0,0,39,-43,-8,0,14,-58,8,1,0,-2,-4,3,-1,-2,1,38,1,5,0,1,0,3,-1,1,0,0,Regular,S20,17,26,-9,L,A
103,19/02/2021,Dragons,Dragons v Leinster,-3,5,-2,0,0,-1,-14,-100,-6,-4,1,21,6,-2,1,2,5,5,1,7,0,-2,-1,-9,1,-3,-1,-3,-3,1,2,0,Regular,S20,29,35,-6,L,H
105,19/02/2021,Leinster,Dragons v Leinster,3,-5,2,0,0,1,14,100,6,4,-1,-21,-6,2,-1,-2,-5,-5,-1,-7,0,2,1,9,-1,3,1,3,3,-1,-2,0,Regular,S20,35,29,6,W,A
5,01/11/2020,Dragons,Dragons v Munster,-1,-1,-2,0,2,0,-10,-251,-10,-5,-9,-3,10,-10,3,-7,3,-5,4,4,1,9,-2,2,0,3,0,1,-3,1,0,0,Regular,S20,16,28,-12,L,H
7,01/11/2020,Munster,Dragons v Munster,1,1,2,0,-2,0,10,251,10,5,9,3,-10,10,-3,7,-3,5,-4,-4,-1,-9,2,-2,0,-3,0,-1,3,-1,0,0,Regular,S20,28,16,12,W,A
58,09/01/2021,Dragons,Dragons v Ospreys,-1,-1,0,0,-1,0,-18,-83,-1,8,-11,28,1,1,2,-6,2,-5,0,-2,0,-12,2,6,0,3,0,2,0,2,0,0,Regular,S20,20,28,-8,L,H
60,09/01/2021,Ospreys,Dragons v Ospreys,1,1,0,0,1,0,18,83,1,-8,11,-28,-1,-1,-2,6,-2,5,0,2,0,12,-2,-6,0,-3,0,-2,0,-2,0,0,Regular,S20,28,20,8,W,A
86,13/03/2021,Dragons,Dragons v Ulster,-1,1,-1,0,1,0,29,-214,-9,-6,61,-70,9,5,-6,-7,1,4,2,4,0,35,0,-9,0,-2,1,-4,-2,-2,-1,0,Regular,S20,22,26,-4,L,H
88,13/03/2021,Ulster,Dragons v Ulster,1,-1,1,0,-1,0,-29,214,9,6,-61,70,-9,-5,6,7,-1,-4,-2,-4,0,-35,0,9,0,2,-1,4,2,2,1,0,Regular,S20,26,22,4,W,A
63,09/10/2020,Dragons,Dragons v Zebre,2,0,-1,0,3,0,-9,54,13,0,-2,9,-13,-4,-2,-2,4,-5,0,5,1,-1,-1,-1,0,0,1,-3,2,-1,-1,0,Regular,S20,26,18,8,W,H
64,09/10/2020,Zebre,Dragons v Zebre,-2,0,1,0,-3,0,9,-54,-13,0,2,-9,13,4,2,2,-4,5,0,-5,-1,1,1,1,0,0,-1,3,-2,1,1,0,Regular,S20,18,26,-8,L,A
65,09/11/2020,Cardiff,Edinburgh v Cardiff Blues,-2,-2,-1,0,0,0,-17,-66,2,0,32,58,-2,11,-7,3,-5,-3,-1,-1,0,-33,-1,0,0,-1,0,1,0,0,0,0,Regular,S20,0,18,-18,L,A
66,09/11/2020,Edinburgh,Edinburgh v Cardiff Blues,2,2,1,0,0,0,17,66,-2,0,-32,-58,2,-11,7,-3,5,3,1,1,0,33,1,0,0,1,0,-1,0,0,0,0,Regular,S20,18,0,18,W,H
151,25/10/2020,Connacht,Edinburgh v Connacht,1,2,0,0,1,0,-47,-61,-11,0,-91,78,11,1,7,4,2,-8,1,-1,0,-51,-2,2,0,2,2,-2,0,0,0,0,Regular,S20,37,26,11,W,A
153,25/10/2020,Edinburgh,Edinburgh v Connacht,-1,-2,0,0,-1,0,47,61,11,0,91,-78,-11,-1,-7,-4,-2,8,-1,1,0,51,2,-2,0,-2,-2,2,0,0,0,0,Regular,S20,26,37,-11,L,H
11,02/01/2021,Edinburgh,Edinburgh v Glasgow Warriors,0,1,0,0,-1,0,-52,-93,-6,-6,-94,52,6,1,5,-4,4,-3,5,7,1,-37,-3,-9,0,-7,0,-2,1,-1,0,0,Regular,S20,10,7,3,W,H
12,02/01/2021,Glasgow,Edinburgh v Glasgow Warriors,0,-1,0,0,1,0,52,93,6,6,94,-52,-6,-1,-5,4,-4,3,-5,-7,-1,37,3,9,0,7,0,2,-1,1,0,0,Regular,S20,7,10,-3,L,A
116,20/02/2021,Edinburgh,Edinburgh v Munster,-2,0,-1,0,-1,0,31,-42,3,-1,4,-37,-3,3,-7,-3,-4,3,2,3,0,34,2,-5,1,0,2,-3,-3,-1,0,0,Regular,S20,10,22,-12,L,H
117,20/02/2021,Munster,Edinburgh v Munster,2,0,1,0,1,0,-31,42,-3,1,-4,37,3,-3,7,3,4,-3,-2,-3,0,-34,-2,5,-1,0,-2,3,3,1,0,0,Regular,S20,22,10,12,W,A
30,03/10/2020,Edinburgh,Edinburgh v Ospreys,-2,-1,-2,0,1,1,-5,5,10,3,-13,-4,-10,5,-8,-5,1,3,0,-2,1,-5,-1,-3,1,2,0,-3,-1,-1,0,0,Regular,S20,10,25,-15,L,H
33,03/10/2020,Ospreys,Edinburgh v Ospreys,2,1,2,0,-1,-1,5,-5,-10,-3,13,4,10,-5,8,5,-1,-3,0,2,-1,5,1,3,-1,-2,0,3,1,1,0,0,Regular,S20,25,10,15,W,A
168,27/02/2021,Edinburgh,Edinburgh v Scarlets,0,0,-1,0,2,0,85,239,31,1,77,-119,-31,-1,0,4,0,4,0,7,0,73,0,-6,0,-1,-2,-3,0,0,0,0,Regular,S20,25,27,-2,L,H
169,27/02/2021,Scarlets,Edinburgh v Scarlets,0,0,1,0,-2,0,-85,-239,-31,-1,-77,119,31,1,0,-4,0,-4,0,-7,0,-73,0,6,0,1,2,3,0,0,0,0,Regular,S20,27,25,2,W,A
189,30/11/2020,Edinburgh,Edinburgh v Ulster,-5,0,-2,0,-2,0,11,-97,-5,-1,20,-27,5,4,-2,-3,-4,-4,-2,-3,-1,19,3,5,1,0,4,-1,3,-1,1,0,Regular,S20,14,43,-29,L,H
191,30/11/2020,Ulster,Edinburgh v Ulster,5,0,2,0,2,0,-11,97,5,1,-20,27,-5,-4,2,3,4,4,2,3,1,-19,-3,-5,-1,0,-4,1,-3,1,-1,0,Regular,S20,43,14,29,W,A
171,27/03/2021,Benetton,Glasgow Warriors v Benetton,-2,-1,-4,0,2,0,49,-142,4,3,77,-62,-4,0,-2,-7,-2,6,0,3,1,44,0,-4,1,1,-1,-5,-1,2,1,0,Regular,S20,25,46,-21,L,A
172,27/03/2021,Glasgow,Glasgow Warriors v Benetton,2,1,4,0,-2,0,-49,142,-4,-3,-77,62,4,0,2,7,2,-6,0,-3,-1,-44,0,4,-1,-1,1,5,1,-2,-1,0,Regular,S20,46,25,21,W,H
41,05/12/2020,Dragons,Glasgow Warriors v Dragons,-1,1,0,1,-1,0,-82,-258,-8,-4,-92,135,8,-2,6,-3,2,3,1,-2,0,-79,0,-2,1,1,-1,-1,1,-1,1,0,Regular,S20,23,22,1,W,A
42,05/12/2020,Glasgow,Glasgow Warriors v Dragons,1,-1,0,-1,1,0,82,258,8,4,92,-135,-8,2,-6,3,-2,-3,-1,2,0,79,0,2,-1,-1,1,1,-1,1,-1,0,Regular,S20,22,23,-1,L,H
95,16/01/2021,Edinburgh,Glasgow Warriors v Edinburgh,1,-2,0,0,0,0,6,79,4,2,7,-14,-4,3,-7,6,-1,-10,0,3,0,-3,1,6,-1,3,1,2,-2,2,-1,0,Regular,S20,22,23,-1,L,A
96,16/01/2021,Glasgow,Glasgow Warriors v Edinburgh,-1,2,0,0,0,0,-6,-79,-4,-2,-7,14,4,-3,7,-6,1,10,0,-3,0,3,-1,-6,1,-3,-1,-2,2,-2,1,0,Regular,S20,23,22,1,W,H
24,02/11/2020,Glasgow,Glasgow Warriors v Leinster,-1,-2,-1,0,0,0,6,-135,7,0,-1,2,-7,-2,-10,0,-3,-4,4,-2,1,2,1,3,0,3,0,0,1,-1,0,0,Regular,S20,19,32,-13,L,H
25,02/11/2020,Leinster,Glasgow Warriors v Leinster,1,2,1,0,0,0,-6,135,-7,0,1,-2,7,2,10,0,3,4,-4,2,-1,-2,-1,-3,0,-3,0,0,-1,1,0,0,Regular,S20,32,19,13,W,A
145,23/11/2020,Glasgow,Glasgow Warriors v Munster,-2,0,-2,0,-2,0,-11,-125,-4,-2,-10,9,4,0,-5,-3,-5,-1,0,7,-1,-2,4,4,-1,1,-1,3,0,2,0,0,Regular,S20,13,27,-14,L,H
146,23/11/2020,Munster,Glasgow Warriors v Munster,2,0,2,0,2,0,11,125,4,2,10,-9,-4,0,5,3,5,1,0,-7,1,2,-4,-4,1,-1,1,-3,0,-2,0,0,Regular,S20,27,13,14,W,A
79,12/03/2021,Glasgow,Glasgow Warriors v Ospreys,0,1,2,0,-2,-1,-11,-26,2,3,-47,26,-2,1,8,2,-6,5,-4,-1,-2,-13,2,2,0,-1,-1,5,-1,0,2,0,Regular,S20,30,25,5,W,H
82,12/03/2021,Ospreys,Glasgow Warriors v Ospreys,0,-1,-2,0,2,1,11,26,-2,-3,47,-26,2,-1,-8,-2,6,-5,4,1,2,13,-2,-2,0,1,1,-5,1,0,-2,0,Regular,S20,25,30,-5,L,A
77,11/10/2020,Glasgow,Glasgow Warriors v Scarlets,1,2,1,0,1,0,8,-47,-5,-1,-26,-20,5,-2,7,-1,2,-3,-2,2,1,8,-1,-3,-2,-1,0,-2,1,-2,2,-1,Regular,S20,20,7,13,W,H
78,11/10/2020,Scarlets,Glasgow Warriors v Scarlets,-1,-2,-1,0,-1,0,-8,47,5,1,26,20,-5,2,-7,1,-2,3,2,-2,-1,-8,1,3,2,1,0,2,-1,2,-2,1,Regular,S20,7,20,-13,L,A
104,19/02/2021,Glasgow,Glasgow Warriors v Ulster,-2,2,-1,0,-1,0,-26,-5,-7,-3,-9,43,7,-5,2,-7,1,-5,1,3,1,-24,2,3,1,1,1,-2,1,2,-1,0,Regular,S20,13,19,-6,L,H
106,19/02/2021,Ulster,Glasgow Warriors v Ulster,2,-2,1,0,1,0,26,5,7,3,9,-43,-7,5,-2,7,-1,5,-1,-3,-1,24,-2,-3,-1,-1,-1,2,-1,-2,1,0,Regular,S20,19,13,6,W,A
130,22/11/2020,Cardiff,Leinster v Cardiff Blues,-5,0,-5,0,-1,0,-117,-504,-12,-5,-70,168,12,3,0,-5,0,-1,-1,-5,-1,-99,-2,2,0,3,-1,1,-2,1,0,0,Regular,S20,5,40,-35,L,A
132,22/11/2020,Leinster,Leinster v Cardiff Blues,5,0,5,0,1,0,117,504,12,5,70,-168,-12,-3,0,5,0,1,1,5,1,99,2,-2,0,-3,1,-1,2,-1,0,0,Regular,S20,40,5,35,W,H
10,02/01/2021,Connacht,Leinster v Connacht,0,3,1,0,0,0,-58,-281,-25,-5,-30,48,25,-2,12,-5,5,1,-1,1,1,-42,-1,-1,2,1,0,-2,-2,2,0,0,Regular,S20,35,24,11,W,A
13,02/01/2021,Leinster,Leinster v Connacht,0,-3,-1,0,0,0,58,281,25,5,30,-48,-25,2,-12,5,-5,-1,1,-1,-1,42,1,1,-2,-1,0,2,2,-2,0,0,Regular,S20,24,35,-11,L,H
19,02/10/2020,Dragons,Leinster v Dragons,-4,0,-5,0,1,0,-34,-385,-11,-6,-43,45,11,-6,3,-11,3,-5,2,7,1,-14,-1,-3,-1,0,0,-4,0,0,0,0,Regular,S20,5,35,-30,L,A
20,02/10/2020,Leinster,Leinster v Dragons,4,0,5,0,-1,0,34,385,11,6,43,-45,-11,6,-3,11,-3,5,-2,-7,-1,14,1,3,1,0,0,4,0,0,0,0,Regular,S20,35,5,30,W,H
99,16/11/2020,Edinburgh,Leinster v Edinburgh,-7,1,-4,0,-3,0,-49,-327,-8,0,-49,41,8,-3,0,-10,-1,-4,1,6,1,-21,0,-1,0,1,1,-5,3,-1,1,0,Regular,S20,10,50,-40,L,A
100,16/11/2020,Leinster,Leinster v Edinburgh,7,-1,4,0,3,0,49,327,8,0,49,-41,-8,3,0,10,1,4,-1,-6,-1,21,0,1,0,-1,-1,5,-3,1,-1,0,Regular,S20,50,10,40,W,H
177,28/02/2021,Glasgow,Leinster v Glasgow Warriors,-3,0,-1,0,-2,-1,27,-77,12,3,26,-21,-12,5,-5,-1,-3,6,2,-2,-1,32,-1,-2,0,-1,0,1,-3,2,2,1,Regular,S20,21,40,-19,L,A
178,28/02/2021,Leinster,Leinster v Glasgow Warriors,3,0,1,0,2,1,-27,77,-12,-3,-26,21,12,-5,5,1,3,-6,-2,2,1,-32,1,2,0,1,0,-1,3,-2,-2,-1,Regular,S20,40,21,19,W,H
173,27/03/2021,Leinster,Leinster v Munster,1,1,1,0,-1,0,74,283,25,3,59,-91,-25,-11,2,9,0,1,1,8,0,55,3,2,2,-2,0,2,1,1,0,0,Final ,S20,16,6,10,W,H
174,27/03/2021,Munster,Leinster v Munster,-1,-1,-1,0,1,0,-74,-283,-25,-3,-59,91,25,11,-2,-9,0,-1,-1,-8,0,-55,-3,-2,-2,2,0,-2,-1,-1,0,0,Final ,S20,6,16,-10,L,A
108,19/03/2021,Leinster,Leinster v Ospreys,0,-1,-1,0,0,0,-51,28,-3,-9,-109,50,3,5,-6,1,-5,-6,-1,-3,0,-37,3,6,1,3,0,3,0,0,0,0,Regular,S20,19,24,-5,L,H
110,19/03/2021,Ospreys,Leinster v Ospreys,0,1,1,0,0,0,51,-28,3,9,109,-50,-3,-5,6,-1,5,6,1,3,0,37,-3,-6,-1,-3,0,-3,0,0,0,0,Regular,S20,24,19,5,W,A
49,08/01/2021,Leinster,Leinster v Ulster,4,-4,2,0,3,0,-1,205,16,0,-31,16,-16,0,-4,12,-1,2,1,-1,0,-13,3,-2,-1,-1,0,2,0,-3,-1,0,Regular,S20,24,12,12,W,H
50,08/01/2021,Ulster,Leinster v Ulster,-4,4,-2,0,-3,0,1,-205,-16,0,31,-16,16,0,4,-12,1,-2,-1,1,0,13,-3,2,1,1,0,-2,0,3,1,0,Regular,S20,12,24,-12,L,A
142,23/10/2020,Leinster,Leinster v Zebre,8,-1,9,0,-1,0,84,458,33,3,91,-94,-33,2,2,6,-1,2,-2,1,0,67,1,-1,0,-1,-2,2,0,0,0,0,Regular,S20,63,8,55,W,H
144,23/10/2020,Zebre,Leinster v Zebre,-8,1,-9,0,1,0,-84,-458,-33,-3,-91,94,33,-2,-2,-6,1,-2,2,-1,0,-67,-1,1,0,1,2,-2,0,0,0,0,Regular,S20,8,63,-55,L,A
107,19/03/2021,Benetton,Munster v Benetton,-1,-1,-3,0,3,0,-10,-5,1,8,0,41,-1,5,-9,3,0,-3,-3,-1,-1,-24,1,2,-1,0,2,-1,0,1,0,0,Regular,S20,17,31,-14,L,A
109,19/03/2021,Munster,Munster v Benetton,1,1,3,0,-3,0,10,5,-1,-8,0,-41,1,-5,9,-3,0,3,3,1,1,24,-1,-2,1,0,-2,1,0,-1,0,0,Regular,S20,31,17,14,W,H
161,26/10/2020,Cardiff,Munster v Cardiff Blues,-2,1,-2,0,-1,0,-56,-148,0,-11,-44,64,0,0,0,1,1,-4,0,2,0,-28,0,2,0,1,0,1,-1,1,1,0,Regular,S20,27,38,-11,L,A
162,26/10/2020,Munster,Munster v Cardiff Blues,2,-1,2,0,1,0,56,148,0,11,44,-64,0,0,0,-1,-1,4,0,-2,0,28,0,-2,0,-1,0,-1,1,-1,-1,0,Regular,S20,38,27,11,W,H
39,05/03/2021,Connacht,Munster v Connacht,0,-1,0,0,-2,0,-11,-40,9,-1,17,20,-9,6,-4,6,-2,-4,-4,1,0,-10,1,6,0,0,1,3,1,2,0,0,Regular,S20,17,20,-3,L,A
40,05/03/2021,Munster,Munster v Connacht,0,1,0,0,2,0,11,40,-9,1,-17,-20,9,-6,4,-6,2,4,4,-1,0,10,-1,-6,0,0,-1,-3,-1,-2,0,0,Regular,S20,20,17,3,W,H
72,10/10/2020,Edinburgh,Munster v Edinburgh,1,-3,1,0,-1,0,11,51,18,3,23,-10,-18,1,-9,4,-5,-4,2,0,0,5,7,5,0,-2,1,3,0,3,1,0,Regular,S20,23,25,-2,L,A
74,10/10/2020,Munster,Munster v Edinburgh,-1,3,-1,0,1,0,-11,-51,-18,-3,-23,10,18,-1,9,-4,5,4,-2,0,0,-5,-7,-5,0,2,-1,-3,0,-3,-1,0,Regular,S20,25,23,2,W,H
138,23/01/2021,Leinster,Munster v Leinster,0,1,0,0,-2,0,-2,128,20,-2,15,32,-20,-1,5,4,-2,3,-5,5,0,-11,2,-1,0,0,0,1,0,-2,0,0,Regular,S20,13,10,3,W,A
139,23/01/2021,Munster,Munster v Leinster,0,-1,0,0,2,0,2,-128,-20,2,-15,-32,20,1,-5,-4,2,-3,5,-5,0,11,-2,1,0,0,0,-1,0,2,0,0,Regular,S20,10,13,-3,L,H
93,15/11/2020,Munster,Munster v Ospreys,2,0,4,0,-1,-1,18,-23,3,1,-1,-30,-3,2,5,-2,5,6,-1,-2,-1,10,-2,-3,1,0,-1,-2,0,0,0,0,Regular,S20,38,22,16,W,H
94,15/11/2020,Ospreys,Munster v Ospreys,-2,0,-4,0,1,1,-18,23,-3,-1,1,30,3,-2,-5,2,-5,-6,1,2,1,-10,2,3,-1,0,1,2,0,0,0,0,Regular,S20,22,38,-16,L,A
81,12/03/2021,Munster,Munster v Scarlets,3,-1,3,0,0,0,45,218,-6,2,13,-50,6,-4,-1,0,-1,9,-1,-2,0,24,-3,-3,1,0,-1,-4,1,0,-1,0,Regular,S20,28,10,18,W,H
83,12/03/2021,Scarlets,Munster v Scarlets,-3,1,-3,0,0,0,-45,-218,6,-2,-13,50,-6,4,1,0,1,-9,1,2,0,-24,3,3,-1,0,1,4,-1,0,1,0,Regular,S20,10,28,-18,L,A
190,30/11/2020,Munster,Munster v Zebre,8,-1,5,0,2,1,18,206,10,4,66,11,-10,-1,6,11,4,4,4,0,-2,2,-2,-11,1,-2,-1,-5,-2,-2,-2,0,Regular,S20,52,3,49,W,H
192,30/11/2020,Zebre,Munster v Zebre,-8,1,-5,0,-2,-1,-18,-206,-10,-4,-66,-11,10,1,-6,-11,-4,-4,-4,0,2,-2,2,11,-1,2,1,5,2,2,2,0,Regular,S20,3,52,-49,L,A
129,22/11/2020,Benetton,Ospreys v Benetton,0,0,-1,0,1,0,-30,-43,-10,4,-16,36,10,7,1,2,4,-4,0,-3,-2,-19,-8,-1,-1,1,0,-5,2,2,1,-1,Regular,S20,22,24,-2,L,A
133,22/11/2020,Ospreys,Ospreys v Benetton,0,0,1,0,-1,0,30,43,10,-4,16,-36,-10,-7,-1,-2,-4,4,0,3,2,19,8,1,1,-1,0,5,-2,-2,-1,1,Regular,S20,24,22,2,W,H
43,06/03/2021,Dragons,Ospreys v Dragons,3,-2,1,0,3,0,-20,-30,-5,2,-23,45,5,1,-3,1,0,5,2,-2,-2,-22,-1,0,0,2,1,-3,0,0,0,0,Regular,S20,31,20,11,W,A
46,06/03/2021,Ospreys,Ospreys v Dragons,-3,2,-1,0,-3,0,20,30,5,-2,23,-45,-5,-1,3,-1,0,-5,-2,2,2,22,1,0,0,-2,-1,3,0,0,0,0,Regular,S20,20,31,-11,L,H
149,24/10/2020,Glasgow,Ospreys v Glasgow Warriors,0,-2,-1,0,1,0,28,96,15,2,33,-33,-15,4,-6,1,-1,1,-2,0,0,29,-3,-1,0,3,0,-4,0,0,-1,0,Regular,S20,15,23,-8,L,A
150,24/10/2020,Ospreys,Ospreys v Glasgow Warriors,0,2,1,0,-1,0,-28,-96,-15,-2,-33,33,15,-4,6,-1,1,-1,2,0,0,-29,3,1,0,-3,0,4,0,0,1,0,Regular,S20,23,15,8,W,H
51,08/11/2020,Leinster,Ospreys v Leinster,3,0,3,0,1,-1,17,292,8,8,-11,-6,-8,8,-1,7,0,-7,0,-2,0,2,-3,-1,-2,2,0,-1,-1,-1,1,0,Regular,S20,26,7,19,W,A
52,08/11/2020,Ospreys,Ospreys v Leinster,-3,0,-3,0,-1,1,-17,-292,-8,-8,11,6,8,-8,1,-7,0,7,0,2,0,-2,3,1,2,-2,0,1,1,1,-1,0,Regular,S20,7,26,-19,L,H
165,26/12/2020,Ospreys,Ospreys v Scarlets,0,0,-1,0,-1,0,-42,-15,3,-2,-46,76,-3,1,-9,0,2,5,3,-5,2,-41,-1,-1,0,0,-1,-4,4,0,0,0,Regular,S20,14,16,-2,L,H
166,26/12/2020,Scarlets,Ospreys v Scarlets,0,0,1,0,1,0,42,15,-3,2,46,-76,3,-1,9,0,-2,-5,-3,5,-2,41,1,1,0,0,1,4,-4,0,0,0,Regular,S20,16,14,2,W,A
75,10/10/2020,Ospreys,Ospreys v Ulster,-3,3,-3,0,-2,0,-57,-208,-15,-6,-67,69,15,3,-12,-7,-3,1,5,-4,-1,-47,-3,-7,0,-2,0,-5,-1,0,0,-1,Regular,S20,12,24,-12,L,H
76,10/10/2020,Ulster,Ospreys v Ulster,3,-3,3,0,2,0,57,208,15,6,67,-69,-15,-3,12,7,3,-1,-5,4,1,47,3,7,0,2,0,5,1,0,0,1,Regular,S20,24,12,12,W,A
118,20/02/2021,Ospreys,Ospreys v Zebre,1,1,1,0,0,0,-42,-182,-9,-7,-31,42,9,-6,-2,-3,1,2,3,9,1,-27,0,0,0,-2,0,2,-1,0,1,0,Regular,S20,10,0,10,W,H
120,20/02/2021,Zebre,Ospreys v Zebre,-1,-1,-1,0,0,0,42,182,9,7,31,-42,-9,6,2,3,-1,-2,-3,-9,-1,27,0,0,0,2,0,-2,1,0,-1,0,Regular,S20,0,10,-10,L,A
113,20/02/2021,Benetton,Scarlets v Benetton,-4,0,-2,0,-2,0,-70,-301,-16,-5,-106,80,16,0,-2,-4,-2,-4,-1,-5,0,-48,-2,10,1,3,-1,4,2,2,2,0,Regular,S20,17,41,-24,L,A
119,20/02/2021,Scarlets,Scarlets v Benetton,4,0,2,0,2,0,70,301,16,5,106,-80,-16,0,2,4,2,4,1,5,0,48,2,-10,-1,-3,1,-4,-2,-2,-2,0,Regular,S20,41,17,24,W,H
123,22/01/2021,Cardiff,Scarlets v Cardiff Blues,0,1,0,0,0,0,-31,-11,8,-1,-100,50,-8,1,0,4,-6,-5,-2,2,-1,-32,-2,0,0,0,0,0,0,0,-1,0,Regular,S20,13,10,3,W,A
124,22/01/2021,Scarlets,Scarlets v Cardiff Blues,0,-1,0,0,0,0,31,11,-8,1,100,-50,8,-1,0,-4,6,5,2,-2,1,32,2,0,0,0,0,0,0,0,1,0,Regular,S20,10,13,-3,L,H
126,22/03/2021,Connacht,Scarlets v Connacht,-1,0,0,0,-1,0,6,85,3,0,9,10,-3,7,-10,5,-1,0,1,2,-1,-5,1,-2,0,-1,0,1,-1,-1,-2,0,Regular,S20,36,41,-5,L,A
128,22/03/2021,Scarlets,Scarlets v Connacht,1,0,0,0,1,0,-6,-85,-3,0,-9,-10,3,-7,10,-5,1,0,-1,-2,1,5,-1,2,0,1,0,-1,1,1,2,0,Regular,S20,41,36,5,W,H
2,01/01/2021,Dragons,Scarlets v Dragons,-2,-1,-2,0,1,0,-17,-33,-9,-3,-23,-5,9,-6,1,-10,1,-1,-1,2,0,1,0,1,0,-2,1,1,1,0,1,0,Regular,S20,3,20,-17,L,A
4,01/01/2021,Scarlets,Scarlets v Dragons,2,1,2,0,-1,0,17,33,9,3,23,5,-9,6,-1,10,-1,1,1,-2,0,-1,0,-1,0,2,-1,-1,-1,0,-1,0,Regular,S20,20,3,17,W,H
6,01/11/2020,Edinburgh,Scarlets v Edinburgh,0,1,0,0,0,0,-9,-51,0,-1,-35,11,0,9,1,-5,0,4,2,7,-2,-7,-3,-15,-1,-8,1,-5,-2,-1,-1,-1,Regular,S20,6,3,3,W,A
8,01/11/2020,Scarlets,Scarlets v Edinburgh,0,-1,0,0,0,0,9,51,0,1,35,-11,0,-9,-1,5,0,-4,-2,-7,2,7,3,15,1,8,-1,5,2,1,1,1,Regular,S20,3,6,-3,L,H
186,30/01/2021,Leinster,Scarlets v Leinster,4,-1,4,0,-1,1,35,72,-2,-8,-46,-67,2,-2,5,0,2,-6,1,4,0,39,-2,1,0,0,0,-1,2,0,0,0,Regular,S20,52,25,27,W,A
188,30/01/2021,Scarlets,Scarlets v Leinster,-4,1,-4,0,1,-1,-35,-72,2,8,46,67,-2,2,-5,0,-2,6,-1,-4,0,-39,2,-1,0,0,0,1,-2,0,0,0,Regular,S20,25,52,-27,L,H
32,03/10/2020,Munster,Scarlets v Munster,3,-6,3,0,1,0,0,81,6,-3,-18,-18,-6,7,-13,-2,-8,2,-1,-3,1,4,0,-1,0,-2,-1,1,1,0,1,1,Regular,S20,30,27,3,W,A
34,03/10/2020,Scarlets,Scarlets v Munster,-3,6,-3,0,-1,0,0,-81,-6,3,18,18,6,-7,13,2,8,-2,1,3,-1,-4,0,1,0,2,1,-1,-1,0,-1,-1,Regular,S20,27,30,-3,L,H
53,08/11/2020,Scarlets,Scarlets v Zebre,1,-2,1,0,0,0,30,123,17,4,57,-36,-17,3,-2,2,-1,-2,-2,4,0,23,1,7,-2,-1,0,3,2,3,0,0,Regular,S20,18,17,1,W,H
54,08/11/2020,Zebre,Scarlets v Zebre,-1,2,-1,0,0,0,-30,-123,-17,-4,-57,36,17,-3,2,-2,1,2,2,-4,0,-23,-1,-7,2,1,0,-3,-2,-3,0,0,Regular,S20,17,18,-1,L,A
17,02/10/2020,Benetton,Ulster v Benetton,-2,1,-2,0,0,0,38,164,5,-1,58,-53,-5,13,-10,2,-3,-6,-2,-2,1,29,1,0,0,1,1,-2,0,0,-1,0,Regular,S20,24,35,-11,L,A
21,02/10/2020,Ulster,Ulster v Benetton,2,-1,2,0,0,0,-38,-164,-5,1,-58,53,5,-13,10,-2,3,6,2,2,-1,-29,-1,0,0,-1,-1,2,0,0,1,0,Regular,S20,35,24,11,W,H
152,25/10/2020,Dragons,Ulster v Dragons,-4,1,-3,0,-1,0,-34,-85,14,3,-14,74,-14,1,-6,-7,-3,3,3,-5,0,-39,-1,-1,1,2,-1,2,0,-4,-1,0,Regular,S20,17,40,-23,L,A
154,25/10/2020,Ulster,Ulster v Dragons,4,-1,3,0,1,0,34,85,-14,-3,14,-74,14,-1,6,7,3,-3,-3,5,0,39,1,1,-1,-2,1,-2,0,4,1,0,Regular,S20,40,17,23,W,H
67,09/11/2020,Glasgow,Ulster v Glasgow Warriors,-4,1,-4,0,0,0,21,-41,-1,0,23,-58,1,4,-3,-1,1,-1,2,-2,0,40,-1,-2,0,0,-1,2,-3,0,0,0,Regular,S20,15,40,-25,L,A
68,09/11/2020,Ulster,Ulster v Glasgow Warriors,4,-1,4,0,0,0,-21,41,1,0,-23,58,-1,-4,3,1,-1,1,-2,2,0,-40,1,2,0,0,1,-2,3,0,0,0,Regular,S20,40,15,25,W,H
45,06/03/2021,Leinster,Ulster v Leinster,2,1,3,0,-1,0,32,118,-9,-5,-14,-62,9,-1,3,-5,-4,2,0,1,0,30,2,-7,0,-3,0,2,-4,-2,1,-1,Regular,S20,38,19,19,W,A
47,06/03/2021,Ulster,Ulster v Leinster,-2,-1,-3,0,1,0,-32,-118,9,5,14,62,-9,1,-3,5,4,-2,0,-1,0,-30,-2,7,0,3,0,-2,4,2,-1,1,Regular,S20,19,38,-19,L,H
14,02/01/2021,Munster,Ulster v Munster,-1,0,0,0,0,0,-42,-210,-15,-5,-58,41,15,-2,-1,-3,3,1,0,0,2,-31,-2,-5,2,-2,0,0,-1,-2,0,0,Regular,S20,10,15,-5,L,A
15,02/01/2021,Ulster,Ulster v Munster,1,0,0,0,0,0,42,210,15,5,58,-41,-15,2,1,3,-3,-1,0,0,-2,31,2,5,-2,2,0,0,1,2,0,0,Regular,S20,15,10,5,W,H
159,26/02/2021,Ospreys,Ulster v Ospreys,-2,0,-1,0,0,-1,-58,-225,-9,-2,-36,57,9,-5,2,-3,0,-1,3,5,0,-51,0,1,1,-2,0,4,-1,0,1,0,Regular,S20,7,21,-14,L,A
160,26/02/2021,Ulster,Ulster v Ospreys,2,0,1,0,0,1,58,225,9,2,36,-57,-9,5,-2,3,0,1,-3,-5,0,51,0,-1,-1,2,0,-4,1,0,-1,0,Regular,S20,21,7,14,W,H
134,22/11/2020,Scarlets,Ulster v Scarlets,0,0,-1,0,3,0,-50,-234,8,-1,-35,83,-8,3,-2,1,3,7,1,2,0,-55,-1,-10,0,-2,-1,-4,-1,-3,-2,0,Regular,S20,24,26,-2,L,A
135,22/11/2020,Ulster,Ulster v Scarlets,0,0,1,0,-3,0,50,234,-8,1,35,-83,8,-3,2,-1,-3,-7,-1,-2,0,55,1,10,0,2,1,4,1,3,2,0,Regular,S20,26,24,2,W,H
111,19/03/2021,Ulster,Ulster v Zebre,7,-1,7,0,0,0,43,345,20,19,124,1,-20,0,1,22,-3,4,-2,-8,0,6,4,2,0,0,-1,5,-2,0,0,-1,Regular,S20,49,3,46,W,H
112,19/03/2021,Zebre,Ulster v Zebre,-7,1,-7,0,0,0,-43,-345,-20,-19,-124,-1,20,0,-1,-22,3,-4,2,8,0,-6,-4,-2,0,0,1,-5,2,0,0,1,Regular,S20,3,49,-46,L,A
55,09/01/2021,Benetton,Zebre v Benetton,0,-2,1,0,-1,0,-10,-59,1,2,-1,4,-1,-1,1,1,-3,0,0,-2,0,-7,2,13,0,5,0,6,2,0,0,0,Regular,S20,18,22,-4,L,A
62,09/01/2021,Zebre,Zebre v Benetton,0,2,-1,0,1,0,10,59,-1,-2,1,-4,1,1,-1,-1,3,0,0,2,0,7,-2,-13,0,-5,0,-6,-2,0,0,0,Regular,S20,22,18,4,W,H
18,02/10/2020,Cardiff,Zebre v Cardiff Blues,1,1,1,0,2,0,-69,-65,-2,-11,-132,60,2,-9,20,3,7,-2,-5,2,-1,-37,-3,2,0,-1,0,2,-1,1,-1,1,Regular,S20,16,6,10,W,A
22,02/10/2020,Zebre,Zebre v Cardiff Blues,-1,-1,-1,0,-2,0,69,65,2,11,132,-60,-2,9,-20,-3,-7,2,5,-2,1,37,3,-2,0,1,0,-2,1,-1,1,-1,Regular,S20,6,16,-10,L,H
131,22/11/2020,Connacht,Zebre v Connacht,5,2,1,0,3,1,16,172,3,8,-39,-16,-3,-3,14,-2,5,-8,-3,-1,1,18,-4,-2,0,1,-1,0,-4,2,-1,1,Regular,S20,47,12,35,W,A
136,22/11/2020,Zebre,Zebre v Connacht,-5,-2,-1,0,-3,-1,-16,-172,-3,-8,39,16,3,3,-14,2,-5,8,3,1,-1,-18,4,2,0,-1,1,0,4,-2,1,-1,Regular,S20,12,47,-35,L,H
167,27/02/2021,Dragons,Zebre v Dragons,0,-3,-1,0,-1,0,-26,46,3,3,-20,59,-3,4,-13,1,-1,-2,4,-4,1,-37,2,2,0,-2,1,6,-2,0,2,0,Regular,S20,15,26,-11,L,A
170,27/02/2021,Zebre,Zebre v Dragons,0,3,1,0,1,0,26,-46,-3,-3,20,-59,3,-4,13,-1,1,2,-4,4,-1,37,-2,-2,0,2,-1,-6,2,0,-2,0,Regular,S20,26,15,11,W,H
137,23/01/2021,Edinburgh,Zebre v Edinburgh,1,3,1,0,0,0,40,238,4,0,51,-41,-4,-9,2,3,-2,1,-2,0,0,37,2,0,0,-2,0,-2,2,2,1,1,Regular,S20,26,10,16,W,A
140,23/01/2021,Zebre,Zebre v Edinburgh,-1,-3,-1,0,0,0,-40,-238,-4,0,-51,41,4,9,-2,-3,2,-1,2,0,0,-37,-2,0,0,2,0,2,-2,-2,-1,-1,Regular,S20,10,26,-16,L,H
44,06/03/2021,Glasgow,Zebre v Glasgow Warriors,2,-1,2,0,-1,0,29,109,-1,-6,32,-27,1,-2,8,5,3,2,-4,2,1,26,2,2,0,0,0,0,2,0,0,0,Regular,S20,31,20,11,W,A
48,06/03/2021,Zebre,Zebre v Glasgow Warriors,-2,1,-2,0,1,0,-29,-109,1,6,-32,27,-1,2,-8,-5,-3,-2,4,-2,-1,-26,-2,-2,0,0,0,0,-2,0,0,0,Regular,S20,20,31,-11,L,H
80,12/03/2021,Leinster,Zebre v Leinster,4,-3,3,0,1,0,-25,154,15,-4,-13,8,-15,6,-10,0,0,-1,1,-7,0,-6,3,5,0,0,0,6,-1,0,0,0,Regular,S20,48,31,17,W,A
84,12/03/2021,Zebre,Zebre v Leinster,-4,3,-3,0,-1,0,25,-154,-15,4,13,-8,15,-6,10,0,0,1,-1,7,0,6,-3,-5,0,0,0,-6,1,0,0,0,Regular,S20,31,48,-17,L,H
26,02/11/2020,Ospreys,Zebre v Ospreys,0,-2,0,0,1,0,-30,-146,-6,-3,-42,46,6,0,-9,-3,-8,3,5,5,-1,-27,2,-5,0,-3,1,2,-4,-1,-1,0,Regular,S20,17,23,-6,L,A
28,02/11/2020,Zebre,Zebre v Ospreys,0,2,0,0,-1,0,30,146,6,3,42,-46,-6,0,9,3,8,-3,-5,-5,1,27,-2,5,0,3,-1,-2,4,1,1,0,Regular,S20,23,17,6,W,H
101,16/11/2020,Ulster,Zebre v Ulster,7,0,4,0,2,0,56,202,16,10,43,-61,-16,2,1,5,0,2,-2,-4,0,36,-4,-2,1,0,0,-2,0,0,0,0,Regular,S20,57,14,43,W,A
102,16/11/2020,Zebre,Zebre v Ulster,-7,0,-4,0,-2,0,-56,-202,-16,-10,-43,61,16,-2,-1,-5,0,-2,2,4,0,-36,4,2,-1,0,0,2,0,0,0,0,Regular,S20,14,57,-43,L,H